variant	num_mutations	score
T333A	1	-0.37
T333C	1	-0.93
T333D	1	-0.27
T333E	1	-0.31
T333F	1	-0.89
T333G	1	-0.41
T333H	1	-0.29
T333I	1	-1.03
T333K	1	-0.2
T333L	1	-0.55
T333M	1	-0.47
T333N	1	-0.35
T333P	1	-0.28
T333Q	1	-0.35
T333R	1	-0.54
T333S	1	-0.04
T333T	1	0.0
T333V	1	-0.56
T333W	1	-0.63
T333Y	1	-0.62
T333*	1	-4.61
N334A	1	-0.12
N334C	1	-0.57
N334D	1	-0.04
N334E	1	-0.05
N334F	1	-0.97
N334G	1	-0.21
N334H	1	-0.12
N334I	1	-0.67
N334K	1	-0.02
N334L	1	-0.72
N334M	1	-0.4
N334N	1	0.0
N334P	1	-0.55
N334Q	1	-0.08
N334R	1	-0.12
N334S	1	-0.19
N334T	1	-0.02
N334V	1	-0.47
N334W	1	-1.01
N334Y	1	-0.61
N334*	1	-4.63
L335A	1	-0.01
L335C	1	-0.38
L335D	1	-0.09
L335E	1	0.11
L335F	1	-0.16
L335G	1	-0.16
L335H	1	-0.1
L335I	1	-0.16
L335K	1	0.02
L335L	1	0.0
L335M	1	-0.15
L335N	1	-0.08
L335P	1	0.09
L335Q	1	-0.05
L335R	1	-0.14
L335S	1	-0.08
L335T	1	-0.08
L335V	1	-0.1
L335W	1	-0.13
L335Y	1	-0.12
L335*	1	-4.63
C336A	1	-1.49
C336C	1	0.0
C336D	1	-1.16
C336E	1	-1.44
C336F	1	-1.28
C336G	1	-0.96
C336H	1	-1.39
C336I	1	-1.69
C336K	1	-1.93
C336L	1	-1.68
C336M	1	-1.77
C336N	1	-1.35
C336P	1	-1.95
C336Q	1	-1.67
C336R	1	-2.17
C336S	1	-1.38
C336T	1	-1.31
C336V	1	-1.51
C336W	1	-1.68
C336Y	1	-1.6
C336*	1	-4.64
P337A	1	-0.31
P337C	1	-0.49
P337D	1	0.29
P337E	1	0.0
P337F	1	-1.1
P337G	1	-0.4
P337H	1	-0.65
P337I	1	-1.57
P337K	1	-0.32
P337L	1	-0.95
P337M	1	-0.86
P337N	1	0.28
P337P	1	0.0
P337Q	1	-0.14
P337R	1	-0.29
P337S	1	-0.23
P337T	1	-0.44
P337V	1	-1.2
P337W	1	-1.18
P337Y	1	-1.12
P337*	1	-4.62
F338A	1	-2.18
F338C	1	-2.08
F338D	1	-2.24
F338E	1	-2.13
F338F	1	0.0
F338G	1	-2.11
F338H	1	-1.88
F338I	1	-0.48
F338K	1	-2.31
F338L	1	0.06
F338M	1	-0.59
F338N	1	-2.3
F338P	1	-2.24
F338Q	1	-2.37
F338R	1	-2.6
F338S	1	-2.31
F338T	1	-2.01
F338V	1	-1.5
F338W	1	-0.06
F338Y	1	-0.52
F338*	1	-4.6
G339A	1	0.01
G339C	1	-1.23
G339D	1	0.3
G339E	1	0.16
G339F	1	-0.27
G339G	1	0.0
G339H	1	0.15
G339I	1	-0.68
G339K	1	-0.23
G339L	1	-0.54
G339M	1	-0.37
G339N	1	0.11
G339P	1	-0.52
G339Q	1	0.0
G339R	1	-0.26
G339S	1	0.08
G339T	1	-0.2
G339V	1	-0.51
G339W	1	-0.22
G339Y	1	-0.17
G339*	1	-4.61
E340A	1	-0.35
E340C	1	-1.36
E340D	1	-0.11
E340E	1	0.0
E340F	1	-1.77
E340G	1	-0.76
E340H	1	-1.09
E340I	1	-1.1
E340K	1	-0.56
E340L	1	-0.87
E340M	1	-0.74
E340N	1	-0.77
E340P	1	-0.81
E340Q	1	-0.5
E340R	1	-1.05
E340S	1	-0.48
E340T	1	-0.63
E340V	1	-1.1
E340W	1	-1.84
E340Y	1	-1.71
E340*	1	-4.63
V341A	1	-1.98
V341C	1	-1.94
V341D	1	-2.21
V341E	1	-2.22
V341F	1	-1.06
V341G	1	-2.3
V341H	1	-2.01
V341I	1	0.21
V341K	1	-2.23
V341L	1	-0.43
V341M	1	-1.1
V341N	1	-2.17
V341P	1	-1.98
V341Q	1	-1.99
V341R	1	-2.22
V341S	1	-2.18
V341T	1	-1.5
V341V	1	0.0
V341W	1	-1.18
V341Y	1	-1.29
V341*	1	-4.02
F342A	1	-2.24
F342C	1	-2.27
F342D	1	-2.54
F342E	1	-2.59
F342F	1	0.0
F342G	1	-2.36
F342H	1	-2.32
F342I	1	-0.78
F342K	1	-2.23
F342L	1	-0.84
F342M	1	-0.99
F342N	1	-2.39
F342P	1	-2.47
F342Q	1	-2.33
F342R	1	-2.43
F342S	1	-2.41
F342T	1	-2.28
F342V	1	-1.23
F342W	1	-2.3
F342Y	1	-2.21
F342*	1	-4.6
N343A	1	-1.52
N343C	1	-2.18
N343D	1	-1.67
N343E	1	-1.7
N343F	1	-2.57
N343G	1	-1.35
N343H	1	-1.45
N343I	1	-3.06
N343K	1	-2.33
N343L	1	-2.58
N343M	1	-2.85
N343N	1	0.0
N343P	1	-3.2
N343Q	1	-1.4
N343R	1	-2.55
N343S	1	-2.58
N343T	1	-2.46
N343V	1	-3.11
N343W	1	-2.94
N343Y	1	-2.14
N343*	1	-4.65
A344A	1	0.0
A344C	1	-1.54
A344D	1	-1.48
A344E	1	-0.94
A344F	1	-2.39
A344G	1	-1.31
A344H	1	-1.41
A344I	1	-1.38
A344K	1	-0.57
A344L	1	-1.87
A344M	1	-1.18
A344N	1	-0.65
A344P	1	-2.98
A344Q	1	-0.2
A344R	1	-0.84
A344S	1	-0.62
A344T	1	-1.23
A344V	1	-1.65
A344W	1	-2.6
A344Y	1	-2.12
A344*	1	-4.62
T345A	1	-0.98
T345C	1	-2.2
T345D	1	-0.66
T345E	1	-0.51
T345F	1	-3.01
T345G	1	-1.8
T345H	1	-2.01
T345I	1	-1.91
T345K	1	-0.59
T345L	1	-1.23
T345M	1	-1.84
T345N	1	-1.65
T345P	1	-0.34
T345Q	1	-1.91
T345R	1	-1.0
T345S	1	-0.16
T345T	1	0.0
T345V	1	-1.31
T345W	1	-2.7
T345Y	1	-2.47
T345*	1	-4.59
R346A	1	-0.27
R346C	1	-0.45
R346D	1	-0.02
R346E	1	0.08
R346F	1	-0.31
R346G	1	-0.74
R346H	1	0.03
R346I	1	-0.03
R346K	1	0.12
R346L	1	-0.36
R346M	1	-0.28
R346N	1	0.15
R346P	1	-1.34
R346Q	1	-0.02
R346R	1	0.0
R346S	1	0.02
R346T	1	0.15
R346V	1	0.01
R346W	1	-0.45
R346Y	1	-0.12
R346*	1	-4.62
F347A	1	-2.11
F347C	1	-2.62
F347D	1	-1.66
F347E	1	-2.35
F347F	1	0.0
F347G	1	-1.93
F347H	1	-0.87
F347I	1	-2.15
F347K	1	-2.15
F347L	1	-2.24
F347M	1	-1.48
F347N	1	-0.6
F347P	1	-1.97
F347Q	1	-2.51
F347R	1	-2.47
F347S	1	-2.11
F347T	1	-2.29
F347V	1	-1.99
F347W	1	0.06
F347Y	1	-1.39
F347*	1	-4.59
A348A	1	0.0
A348C	1	-1.16
A348D	1	-0.4
A348E	1	-0.64
A348F	1	-1.16
A348G	1	-0.55
A348H	1	-0.28
A348I	1	-2.4
A348K	1	-0.76
A348L	1	-1.75
A348M	1	-1.23
A348N	1	-0.11
A348P	1	0.4
A348Q	1	-0.47
A348R	1	-1.26
A348S	1	-0.17
A348T	1	-1.19
A348V	1	-1.5
A348W	1	-1.49
A348Y	1	-0.59
A348*	1	-4.62
S349A	1	-1.13
S349C	1	-2.03
S349D	1	-1.14
S349E	1	-2.13
S349F	1	-2.5
S349G	1	-2.08
S349H	1	-0.61
S349I	1	-2.69
S349K	1	-2.06
S349L	1	-2.58
S349M	1	-1.95
S349N	1	-0.59
S349P	1	-0.38
S349Q	1	-1.79
S349R	1	-2.4
S349S	1	0.0
S349T	1	-1.93
S349V	1	-2.58
S349W	1	-2.58
S349Y	1	-2.48
S349*	1	-4.61
V350A	1	-1.47
V350C	1	-1.1
V350D	1	-2.21
V350E	1	-2.5
V350F	1	-2.09
V350G	1	-2.81
V350H	1	-2.39
V350I	1	-1.88
V350K	1	-2.47
V350L	1	-2.46
V350M	1	-2.54
V350N	1	-2.51
V350P	1	-1.08
V350Q	1	-2.57
V350R	1	-2.59
V350S	1	-2.24
V350T	1	-2.31
V350V	1	0.0
V350W	1	-2.6
V350Y	1	-2.72
V350*	1	-3.09
Y351A	1	-1.47
Y351C	1	-2.01
Y351D	1	-2.86
Y351E	1	-2.12
Y351F	1	-0.84
Y351G	1	-2.23
Y351H	1	-0.6
Y351I	1	-1.85
Y351K	1	-2.38
Y351L	1	-2.24
Y351M	1	-1.87
Y351N	1	-2.48
Y351P	1	-2.42
Y351Q	1	-1.93
Y351R	1	-2.64
Y351S	1	-1.73
Y351T	1	-1.4
Y351V	1	-1.29
Y351W	1	-0.65
Y351Y	1	0.0
Y351*	1	-4.6
A352A	1	0.0
A352C	1	-0.57
A352D	1	-0.45
A352E	1	-0.2
A352F	1	-1.1
A352G	1	-0.98
A352H	1	-0.42
A352I	1	-1.96
A352K	1	-0.41
A352L	1	-1.25
A352M	1	-0.94
A352N	1	-0.4
A352P	1	-2.42
A352Q	1	-0.6
A352R	1	-0.49
A352S	1	-0.26
A352T	1	-1.24
A352V	1	-1.79
A352W	1	-1.35
A352Y	1	-0.79
A352*	1	-4.62
W353A	1	-2.15
W353C	1	-2.53
W353D	1	-2.44
W353E	1	-2.12
W353F	1	-0.83
W353G	1	-2.27
W353H	1	-2.49
W353I	1	-2.49
W353K	1	-2.25
W353L	1	-2.62
W353M	1	-2.51
W353N	1	-2.19
W353P	1	-2.04
W353Q	1	-2.42
W353R	1	-2.52
W353S	1	-2.02
W353T	1	-2.13
W353V	1	-2.47
W353W	1	0.0
W353Y	1	-1.58
W353*	1	-4.62
N354A	1	-0.45
N354C	1	-1.0
N354D	1	0.13
N354E	1	0.64
N354F	1	-1.68
N354G	1	-0.74
N354H	1	-0.44
N354I	1	-1.1
N354K	1	0.21
N354L	1	-1.47
N354M	1	-0.91
N354N	1	0.0
N354P	1	-2.24
N354Q	1	0.52
N354R	1	0.14
N354S	1	0.17
N354T	1	0.02
N354V	1	-0.58
N354W	1	-1.66
N354Y	1	-1.22
N354*	1	-4.38
R355A	1	-2.47
R355C	1	-1.4
R355D	1	-1.91
R355E	1	-2.13
R355F	1	-2.56
R355G	1	-2.24
R355H	1	-1.46
R355I	1	-2.53
R355K	1	-2.21
R355L	1	-2.45
R355M	1	-2.58
R355N	1	-2.24
R355P	1	-2.17
R355Q	1	-2.13
R355R	1	0.0
R355S	1	-1.92
R355T	1	-1.8
R355V	1	-2.34
R355W	1	-2.45
R355Y	1	-2.62
R355*	1	-4.62
K356A	1	-0.34
K356C	1	-0.53
K356D	1	-0.41
K356E	1	-0.74
K356F	1	-1.31
K356G	1	-2.11
K356H	1	-0.36
K356I	1	-0.11
K356K	1	0.0
K356L	1	-0.49
K356M	1	-0.14
K356N	1	-0.98
K356P	1	-2.76
K356Q	1	-0.13
K356R	1	0.21
K356S	1	-0.49
K356T	1	0.14
K356V	1	0.04
K356W	1	-1.41
K356Y	1	-0.85
K356*	1	-4.59
R357A	1	-0.16
R357C	1	-0.48
R357D	1	-0.47
R357E	1	-0.02
R357F	1	-1.06
R357G	1	-1.17
R357H	1	0.04
R357I	1	0.03
R357K	1	0.18
R357L	1	-0.33
R357M	1	-0.52
R357N	1	0.04
R357P	1	-0.63
R357Q	1	0.01
R357R	1	0.0
R357S	1	-0.25
R357T	1	-0.02
R357V	1	0.01
R357W	1	-0.82
R357Y	1	-0.42
R357*	1	-4.6
I358A	1	-1.44
I358C	1	-0.91
I358D	1	-2.13
I358E	1	-1.95
I358F	1	0.72
I358G	1	-1.75
I358H	1	-1.06
I358I	1	0.0
I358K	1	-2.22
I358L	1	0.14
I358M	1	0.26
I358N	1	-2.04
I358P	1	-2.16
I358Q	1	-2.05
I358R	1	-2.15
I358S	1	-1.86
I358T	1	-1.97
I358V	1	-0.59
I358W	1	0.41
I358Y	1	0.1
I358*	1	-4.57
S359A	1	0.04
S359C	1	-0.23
S359D	1	-0.11
S359E	1	0.01
S359F	1	-0.24
S359G	1	-0.13
S359H	1	0.12
S359I	1	-0.58
S359K	1	-0.09
S359L	1	-1.03
S359M	1	-0.17
S359N	1	-0.03
S359P	1	-0.47
S359Q	1	0.05
S359R	1	-0.08
S359S	1	0.0
S359T	1	0.18
S359V	1	-0.17
S359W	1	-0.66
S359Y	1	-0.21
S359*	1	-4.58
N360A	1	-1.09
N360C	1	-0.96
N360D	1	0.28
N360E	1	-0.33
N360F	1	-0.29
N360G	1	-0.03
N360H	1	-0.06
N360I	1	-1.83
N360K	1	-0.47
N360L	1	-1.02
N360M	1	-0.98
N360N	1	0.0
N360P	1	-1.33
N360Q	1	-0.7
N360R	1	-0.53
N360S	1	-0.57
N360T	1	-1.16
N360V	1	-1.78
N360W	1	-0.73
N360Y	1	-1.23
N360*	1	-4.58
C361A	1	-1.04
C361C	1	0.0
C361D	1	-0.65
C361E	1	-0.93
C361F	1	-1.07
C361G	1	-1.35
C361H	1	-1.39
C361I	1	-1.04
C361K	1	-1.07
C361L	1	-1.23
C361M	1	-1.31
C361N	1	-0.96
C361P	1	-0.36
C361Q	1	-1.01
C361R	1	-1.37
C361S	1	-1.1
C361T	1	-1.08
C361V	1	-1.1
C361W	1	-1.22
C361Y	1	-1.71
C361*	1	-4.52
V362A	1	-0.41
V362C	1	-0.11
V362D	1	-0.31
V362E	1	-0.14
V362F	1	-0.03
V362G	1	-0.7
V362H	1	-0.02
V362I	1	-0.12
V362K	1	0.07
V362L	1	-0.12
V362M	1	-0.18
V362N	1	-0.26
V362P	1	-1.08
V362Q	1	0.05
V362R	1	-0.03
V362S	1	0.1
V362T	1	0.33
V362V	1	0.0
V362W	1	0.03
V362Y	1	0.26
V362*	1	-4.57
A363A	1	0.0
A363C	1	-0.23
A363D	1	-3.22
A363E	1	-1.38
A363F	1	-0.22
A363G	1	-0.37
A363H	1	-0.86
A363I	1	-0.96
A363K	1	-1.6
A363L	1	-0.32
A363M	1	-0.43
A363N	1	-2.44
A363P	1	-0.45
A363Q	1	-0.34
A363R	1	-1.49
A363S	1	-0.89
A363T	1	-0.89
A363V	1	-0.41
A363W	1	0.25
A363Y	1	-0.49
A363*	1	-4.6
D364A	1	-1.71
D364C	1	-1.04
D364D	1	0.0
D364E	1	-1.2
D364F	1	-3.02
D364G	1	-1.75
D364H	1	-2.68
D364I	1	-3.18
D364K	1	-1.35
D364L	1	-2.77
D364M	1	-4.07
D364N	1	-1.42
D364P	1	-2.54
D364Q	1	-1.51
D364R	1	-1.71
D364S	1	-1.67
D364T	1	-3.08
D364V	1	-2.06
D364W	1	-1.43
D364Y	1	-2.67
D364*	1	-4.54
Y365A	1	-0.57
Y365C	1	-0.9
Y365D	1	-1.63
Y365E	1	-1.37
Y365F	1	0.48
Y365G	1	-0.98
Y365H	1	-1.5
Y365I	1	0.03
Y365K	1	-1.5
Y365L	1	0.3
Y365M	1	0.1
Y365N	1	-1.56
Y365P	1	-1.0
Y365Q	1	-1.36
Y365R	1	-1.5
Y365S	1	-1.09
Y365T	1	-0.93
Y365V	1	0.01
Y365W	1	0.99
Y365Y	1	0.0
Y365*	1	-4.58
S366A	1	0.12
S366C	1	-1.1
S366D	1	0.22
S366E	1	0.12
S366F	1	-0.63
S366G	1	-0.11
S366H	1	-0.53
S366I	1	-0.41
S366K	1	-0.04
S366L	1	-0.21
S366M	1	-0.18
S366N	1	0.05
S366P	1	-0.87
S366Q	1	0.03
S366R	1	-0.1
S366S	1	0.0
S366T	1	0.04
S366V	1	-0.21
S366W	1	-0.39
S366Y	1	-1.29
S366*	1	-4.59
V367A	1	0.46
V367C	1	-0.22
V367D	1	0.11
V367E	1	0.31
V367F	1	0.74
V367G	1	0.03
V367H	1	0.08
V367I	1	0.12
V367K	1	0.27
V367L	1	0.15
V367M	1	0.21
V367N	1	0.08
V367P	1	-0.07
V367Q	1	0.28
V367R	1	0.1
V367S	1	0.3
V367T	1	0.19
V367V	1	0.0
V367W	1	0.28
V367Y	1	0.01
V367*	1	-4.6
L368A	1	-1.77
L368C	1	-1.87
L368D	1	-1.69
L368E	1	-2.22
L368F	1	-0.22
L368G	1	-1.04
L368H	1	-1.98
L368I	1	-0.17
L368K	1	-1.91
L368L	1	0.0
L368M	1	-0.73
L368N	1	-1.95
L368P	1	-1.83
L368Q	1	-1.99
L368R	1	-2.12
L368S	1	-2.03
L368T	1	-2.01
L368V	1	-0.78
L368W	1	-1.05
L368Y	1	-1.01
L368*	1	-4.59
Y369A	1	0.14
Y369C	1	-0.37
Y369D	1	-0.52
Y369E	1	0.12
Y369F	1	0.2
Y369G	1	-0.23
Y369H	1	-0.04
Y369I	1	0.12
Y369K	1	0.07
Y369L	1	0.31
Y369M	1	0.36
Y369N	1	0.09
Y369P	1	-0.37
Y369Q	1	0.11
Y369R	1	0.02
Y369S	1	0.05
Y369T	1	0.18
Y369V	1	0.21
Y369W	1	0.08
Y369Y	1	0.0
Y369*	1	-4.58
N370A	1	-0.25
N370C	1	-1.28
N370D	1	-0.15
N370E	1	-0.19
N370F	1	-1.08
N370G	1	-0.01
N370H	1	-0.13
N370I	1	-1.76
N370K	1	-0.04
N370L	1	-0.73
N370M	1	-0.63
N370N	1	0.0
N370P	1	-0.37
N370Q	1	-0.29
N370R	1	-0.16
N370S	1	-0.17
N370T	1	-0.48
N370V	1	-1.69
N370W	1	-1.06
N370Y	1	-0.81
N370*	1	-4.55
S371A	1	-0.39
S371C	1	-0.47
S371D	1	-0.09
S371E	1	-0.35
S371F	1	-0.72
S371G	1	-0.54
S371H	1	-0.42
S371I	1	-0.79
S371K	1	-0.86
S371L	1	-0.61
S371M	1	-0.36
S371N	1	-0.26
S371P	1	-0.9
S371Q	1	-0.29
S371R	1	-0.34
S371S	1	0.0
S371T	1	-0.15
S371V	1	-0.67
S371W	1	-0.55
S371Y	1	-0.39
S371*	1	-4.58
A372A	1	0.0
A372C	1	-1.01
A372D	1	-0.28
A372E	1	0.08
A372F	1	-0.51
A372G	1	-0.01
A372H	1	-0.38
A372I	1	-0.69
A372K	1	0.25
A372L	1	-0.66
A372M	1	-0.1
A372N	1	-0.9
A372P	1	-0.22
A372Q	1	0.2
A372R	1	0.05
A372S	1	-0.45
A372T	1	-0.28
A372V	1	-0.49
A372W	1	-0.52
A372Y	1	-0.87
A372*	1	-4.59
S373A	1	0.01
S373C	1	-0.24
S373D	1	-0.12
S373E	1	0.09
S373F	1	-0.25
S373G	1	-0.21
S373H	1	0.03
S373I	1	-0.02
S373K	1	0.35
S373L	1	-0.03
S373M	1	-0.06
S373N	1	0.48
S373P	1	-0.22
S373Q	1	0.12
S373R	1	0.05
S373S	1	0.0
S373T	1	0.05
S373V	1	-0.18
S373W	1	-0.18
S373Y	1	-0.06
S373*	1	-4.61
F374A	1	-0.98
F374C	1	-1.43
F374D	1	-0.55
F374E	1	-1.24
F374F	1	0.0
F374G	1	-1.13
F374H	1	-0.6
F374I	1	-0.48
F374K	1	-1.24
F374L	1	-0.77
F374M	1	-0.89
F374N	1	-0.32
F374P	1	-1.14
F374Q	1	-0.87
F374R	1	-1.36
F374S	1	-1.1
F374T	1	-0.87
F374V	1	-0.85
F374W	1	0.06
F374Y	1	-0.12
F374*	1	-4.6
S375A	1	-0.38
S375C	1	-1.05
S375D	1	-0.08
S375E	1	-0.03
S375F	1	-1.81
S375G	1	-0.82
S375H	1	-0.34
S375I	1	-1.99
S375K	1	-0.98
S375L	1	-1.62
S375M	1	-1.24
S375N	1	-0.7
S375P	1	-1.1
S375Q	1	-0.36
S375R	1	-1.15
S375S	1	0.0
S375T	1	-0.24
S375V	1	-1.62
S375W	1	-1.56
S375Y	1	-1.07
S375*	1	-4.57
T376A	1	-1.1
T376C	1	-0.84
T376D	1	-0.84
T376E	1	-0.52
T376F	1	-0.57
T376G	1	-1.76
T376H	1	0.06
T376I	1	-0.3
T376K	1	-0.61
T376L	1	-0.18
T376M	1	-0.15
T376N	1	-0.7
T376P	1	-2.63
T376Q	1	-0.04
T376R	1	-1.04
T376S	1	-0.22
T376T	1	0.0
T376V	1	-0.21
T376W	1	-0.37
T376Y	1	-0.04
T376*	1	-4.51
F377A	1	-2.17
F377C	1	-1.24
F377D	1	-2.75
F377E	1	-3.19
F377F	1	0.0
F377G	1	-2.93
F377H	1	-2.62
F377I	1	-0.57
F377K	1	-2.42
F377L	1	-0.8
F377M	1	-0.58
F377N	1	-2.42
F377P	1	-2.18
F377Q	1	-2.96
F377R	1	-2.92
F377S	1	-2.28
F377T	1	-1.61
F377V	1	-0.4
F377W	1	-0.5
F377Y	1	-1.37
F377*	1	-4.61
K378A	1	-0.41
K378C	1	-0.71
K378D	1	-0.29
K378E	1	-0.09
K378F	1	-1.57
K378G	1	-2.48
K378H	1	-0.68
K378I	1	-0.35
K378K	1	0.0
K378L	1	-0.51
K378M	1	-0.65
K378N	1	-0.26
K378P	1	-2.77
K378Q	1	-0.11
K378R	1	0.16
K378S	1	-0.52
K378T	1	-0.51
K378V	1	-0.42
K378W	1	-1.96
K378Y	1	-1.31
K378*	1	-4.53
C379A	1	-3.03
C379C	1	0.0
C379D	1	-2.87
C379E	1	-3.02
C379F	1	-2.56
C379G	1	-2.96
C379H	1	-2.96
C379I	1	-2.81
C379K	1	-3.02
C379L	1	-2.61
C379M	1	-2.85
C379N	1	-2.95
C379P	1	-2.87
C379Q	1	-2.85
C379R	1	-2.97
C379S	1	-2.94
C379T	1	-2.93
C379V	1	-2.56
C379W	1	-1.85
C379Y	1	-2.95
C379*	1	-4.56
Y380A	1	-2.81
Y380C	1	-2.64
Y380D	1	-2.84
Y380E	1	-2.88
Y380F	1	-0.45
Y380G	1	-2.78
Y380H	1	-1.86
Y380I	1	-2.27
Y380K	1	-2.79
Y380L	1	-2.69
Y380M	1	-2.74
Y380N	1	-2.8
Y380P	1	-2.81
Y380Q	1	-2.61
Y380R	1	-2.84
Y380S	1	-2.65
Y380T	1	-2.46
Y380V	1	-2.57
Y380W	1	-0.24
Y380Y	1	0.0
Y380*	1	-4.57
G381A	1	-1.65
G381C	1	-1.99
G381D	1	-1.82
G381E	1	-1.97
G381F	1	-2.32
G381G	1	0.0
G381H	1	-0.77
G381I	1	-2.34
G381K	1	-0.45
G381L	1	-2.04
G381M	1	-1.78
G381N	1	-0.03
G381P	1	-2.39
G381Q	1	-0.85
G381R	1	-0.23
G381S	1	-1.0
G381T	1	-1.76
G381V	1	-2.09
G381W	1	-2.38
G381Y	1	-2.35
G381*	1	-4.55
V382A	1	-1.39
V382C	1	-0.44
V382D	1	-2.28
V382E	1	-1.79
V382F	1	-0.11
V382G	1	-2.29
V382H	1	-1.73
V382I	1	-0.07
V382K	1	-2.0
V382L	1	-0.25
V382M	1	-0.48
V382N	1	-2.03
V382P	1	-1.8
V382Q	1	-2.09
V382R	1	-2.21
V382S	1	-1.92
V382T	1	-0.9
V382V	1	0.0
V382W	1	-1.39
V382Y	1	-0.82
V382*	1	-4.37
S383A	1	-0.11
S383C	1	-0.39
S383D	1	0.36
S383E	1	0.19
S383F	1	-1.06
S383G	1	-1.03
S383H	1	-0.09
S383I	1	-0.16
S383K	1	-0.09
S383L	1	-0.23
S383M	1	-0.47
S383N	1	0.22
S383P	1	-0.31
S383Q	1	0.07
S383R	1	-0.58
S383S	1	0.0
S383T	1	-0.06
S383V	1	-0.07
S383W	1	-1.14
S383Y	1	-0.91
S383*	1	-4.35
P384A	1	0.03
P384C	1	-1.47
P384D	1	-1.48
P384E	1	-0.1
P384F	1	-0.43
P384G	1	-0.6
P384H	1	-0.29
P384I	1	-0.07
P384K	1	0.18
P384L	1	-0.03
P384M	1	0.06
P384N	1	-0.55
P384P	1	0.0
P384Q	1	-0.1
P384R	1	-0.02
P384S	1	-0.38
P384T	1	-0.35
P384V	1	-0.11
P384W	1	-0.11
P384Y	1	-0.39
P384*	1	-4.56
T385A	1	-0.03
T385C	1	-0.43
T385D	1	0.21
T385E	1	0.28
T385F	1	-0.15
T385G	1	-0.09
T385H	1	-0.02
T385I	1	-0.27
T385K	1	0.07
T385L	1	-0.05
T385M	1	-0.08
T385N	1	0.03
T385P	1	-0.6
T385Q	1	0.03
T385R	1	-0.02
T385S	1	0.0
T385T	1	0.0
T385V	1	-0.4
T385W	1	-0.21
T385Y	1	-0.02
T385*	1	-4.54
K386A	1	0.05
K386C	1	-0.43
K386D	1	0.15
K386E	1	0.18
K386F	1	-1.06
K386G	1	-0.21
K386H	1	-0.12
K386I	1	-0.43
K386K	1	0.0
K386L	1	-0.4
K386M	1	-0.14
K386N	1	-0.13
K386P	1	-1.77
K386Q	1	0.09
K386R	1	-0.13
K386S	1	-0.04
K386T	1	-0.1
K386V	1	-0.44
K386W	1	-1.5
K386Y	1	-0.75
K386*	1	-4.57
L387A	1	-1.85
L387C	1	-1.77
L387D	1	-1.83
L387E	1	-1.79
L387F	1	-1.11
L387G	1	-1.88
L387H	1	-1.94
L387I	1	-0.58
L387K	1	-1.95
L387L	1	0.0
L387M	1	-0.83
L387N	1	-1.92
L387P	1	-1.91
L387Q	1	-1.55
L387R	1	-2.06
L387S	1	-1.84
L387T	1	-1.8
L387V	1	-1.4
L387W	1	-1.33
L387Y	1	-1.99
L387*	1	-4.57
N388A	1	-0.38
N388C	1	-1.17
N388D	1	-0.12
N388E	1	-0.37
N388F	1	-1.27
N388G	1	-0.43
N388H	1	-0.28
N388I	1	-1.05
N388K	1	-0.26
N388L	1	-0.94
N388M	1	-0.51
N388N	1	0.0
N388P	1	-0.15
N388Q	1	-0.18
N388R	1	-0.49
N388S	1	-0.27
N388T	1	-0.52
N388V	1	-0.81
N388W	1	-1.33
N388Y	1	-1.27
N388*	1	-4.39
D389A	1	-0.54
D389C	1	-0.7
D389D	1	0.0
D389E	1	0.11
D389F	1	-0.69
D389G	1	-0.33
D389H	1	-0.17
D389I	1	-1.7
D389K	1	-0.32
D389L	1	-1.0
D389M	1	-0.61
D389N	1	-0.21
D389P	1	-1.32
D389Q	1	-0.04
D389R	1	-0.35
D389S	1	-0.07
D389T	1	-0.12
D389V	1	-1.18
D389W	1	-0.77
D389Y	1	-0.5
D389*	1	-4.58
L390A	1	-0.4
L390C	1	-0.43
L390D	1	-1.0
L390E	1	-0.54
L390F	1	-0.36
L390G	1	-0.55
L390H	1	-0.29
L390I	1	-0.32
L390K	1	-0.5
L390L	1	0.0
L390M	1	0.03
L390N	1	-0.58
L390P	1	-1.25
L390Q	1	-0.16
L390R	1	-0.59
L390S	1	-0.41
L390T	1	-0.33
L390V	1	-0.42
L390W	1	-0.8
L390Y	1	0.2
L390*	1	-4.6
C391A	1	-0.12
C391C	1	0.0
C391D	1	-0.16
C391E	1	-0.01
C391F	1	-0.56
C391G	1	-0.57
C391H	1	-0.14
C391I	1	-0.3
C391K	1	-0.03
C391L	1	-0.39
C391M	1	-0.32
C391N	1	0.2
C391P	1	-0.28
C391Q	1	-0.01
C391R	1	-0.07
C391S	1	-0.15
C391T	1	-0.14
C391V	1	-0.13
C391W	1	-0.59
C391Y	1	-0.47
C391*	1	-4.56
F392A	1	0.02
F392C	1	-0.15
F392D	1	-1.42
F392E	1	-1.48
F392F	1	0.0
F392G	1	-1.01
F392H	1	-0.72
F392I	1	-0.07
F392K	1	-1.34
F392L	1	-0.23
F392M	1	-0.12
F392N	1	-0.97
F392P	1	-0.34
F392Q	1	-1.07
F392R	1	-1.39
F392S	1	-0.51
F392T	1	-0.13
F392V	1	0.01
F392W	1	0.26
F392Y	1	-0.04
F392*	1	-4.58
T393A	1	-0.11
T393C	1	-0.66
T393D	1	-0.27
T393E	1	-0.28
T393F	1	-1.27
T393G	1	-0.31
T393H	1	-0.3
T393I	1	-0.47
T393K	1	-0.01
T393L	1	-0.56
T393M	1	-0.75
T393N	1	-0.16
T393P	1	-1.37
T393Q	1	-0.08
T393R	1	-0.18
T393S	1	-0.05
T393T	1	0.0
T393V	1	-0.28
T393W	1	-1.49
T393Y	1	-0.43
T393*	1	-4.56
N394A	1	-0.01
N394C	1	-0.17
N394D	1	-0.4
N394E	1	-0.06
N394F	1	-0.26
N394G	1	-0.42
N394H	1	-0.02
N394I	1	-0.43
N394K	1	-0.37
N394L	1	-0.48
N394M	1	-0.37
N394N	1	0.0
N394P	1	-0.48
N394Q	1	-0.29
N394R	1	-0.42
N394S	1	-0.07
N394T	1	0.03
N394V	1	-0.17
N394W	1	-0.42
N394Y	1	-0.12
N394*	1	-4.58
V395A	1	-0.35
V395C	1	-0.23
V395D	1	-2.54
V395E	1	-2.55
V395F	1	-1.09
V395G	1	-0.56
V395H	1	-2.45
V395I	1	0.06
V395K	1	-2.48
V395L	1	-0.18
V395M	1	-0.26
V395N	1	-2.71
V395P	1	-2.84
V395Q	1	-2.03
V395R	1	-1.53
V395S	1	-1.77
V395T	1	-1.09
V395V	1	0.0
V395W	1	-2.26
V395Y	1	-2.63
V395*	1	-4.58
Y396A	1	-1.5
Y396C	1	-0.98
Y396D	1	-1.29
Y396E	1	-1.78
Y396F	1	-0.23
Y396G	1	-2.44
Y396H	1	-0.82
Y396I	1	-0.24
Y396K	1	-1.53
Y396L	1	-0.43
Y396M	1	-0.6
Y396N	1	-0.31
Y396P	1	-2.52
Y396Q	1	-0.98
Y396R	1	-1.81
Y396S	1	-0.95
Y396T	1	-0.12
Y396V	1	-0.28
Y396W	1	-0.18
Y396Y	1	0.0
Y396*	1	-4.51
A397A	1	0.0
A397C	1	-0.4
A397D	1	-2.9
A397F	1	-1.51
A397G	1	-2.58
A397H	1	-2.75
A397I	1	-0.57
A397L	1	-0.07
A397N	1	-2.27
A397P	1	-2.76
A397R	1	-2.68
A397S	1	-2.18
A397T	1	-1.55
A397V	1	-0.45
A397Y	1	-2.19
D398A	1	-2.5
D398C	1	-0.98
D398D	1	0.0
D398E	1	-2.63
D398F	1	-2.54
D398G	1	-2.66
D398H	1	-1.69
D398I	1	-2.6
D398K	1	-2.76
D398L	1	-2.58
D398M	1	-2.47
D398N	1	-2.68
D398P	1	-2.83
D398Q	1	-2.58
D398R	1	-2.69
D398S	1	-2.33
D398T	1	-2.43
D398V	1	-2.45
D398W	1	-2.31
D398Y	1	-2.06
D398*	1	-4.59
S399A	1	-1.71
S399C	1	-1.92
S399D	1	-2.65
S399E	1	-2.29
S399F	1	-1.82
S399G	1	-2.55
S399H	1	-2.43
S399I	1	-2.44
S399K	1	-2.61
S399L	1	-2.28
S399M	1	-1.57
S399N	1	-2.36
S399P	1	-2.85
S399Q	1	-1.98
S399R	1	-1.99
S399S	1	0.0
S399T	1	-0.47
S399V	1	-2.42
S399W	1	-1.98
S399Y	1	-0.8
S399*	1	-4.56
F400A	1	-2.7
F400C	1	-2.79
F400D	1	-2.59
F400E	1	-2.54
F400F	1	0.0
F400G	1	-2.69
F400H	1	-2.83
F400I	1	-2.72
F400K	1	-2.67
F400L	1	-2.71
F400M	1	-1.72
F400N	1	-2.8
F400P	1	-2.42
F400Q	1	-2.82
F400R	1	-2.87
F400S	1	-2.73
F400T	1	-2.85
F400V	1	-2.81
F400W	1	-2.83
F400Y	1	-2.5
F400*	1	-4.6
V401A	1	-2.02
V401C	1	-1.78
V401D	1	-2.67
V401E	1	-2.54
V401F	1	-3.03
V401G	1	-2.81
V401H	1	-2.77
V401I	1	-0.41
V401K	1	-2.75
V401L	1	-1.57
V401M	1	-2.19
V401N	1	-2.84
V401P	1	-2.89
V401Q	1	-2.31
V401R	1	-2.88
V401S	1	-2.68
V401T	1	-1.22
V401V	1	0.0
V401W	1	-2.48
V401Y	1	-2.75
V401*	1	-4.58
I402A	1	-2.29
I402C	1	-0.89
I402D	1	-2.64
I402E	1	-2.71
I402F	1	-2.8
I402G	1	-2.75
I402H	1	-2.84
I402I	1	0.0
I402K	1	-2.78
I402L	1	-0.41
I402M	1	-2.29
I402N	1	-2.79
I402P	1	-2.83
I402Q	1	-2.82
I402R	1	-2.76
I402S	1	-2.68
I402T	1	-1.99
I402V	1	0.1
I402W	1	-2.65
I402Y	1	-2.81
I402*	1	-4.56
R403A	1	-0.22
R403C	1	-1.69
R403D	1	-2.3
R403E	1	-1.31
R403F	1	-1.61
R403G	1	-1.14
R403H	1	-1.8
R403I	1	-1.84
R403K	1	-0.29
R403L	1	-1.63
R403M	1	-0.51
R403N	1	-0.44
R403P	1	-1.44
R403Q	1	-0.8
R403R	1	0.0
R403S	1	-0.22
R403T	1	-0.99
R403V	1	-2.24
R403W	1	-2.06
R403Y	1	-1.55
R403*	1	-4.55
G404A	1	-0.74
G404C	1	-1.71
G404D	1	-1.56
G404E	1	-1.69
G404F	1	-1.9
G404G	1	0.0
G404H	1	-1.16
G404I	1	-2.67
G404K	1	-0.97
G404L	1	-2.3
G404M	1	-1.69
G404N	1	-1.65
G404P	1	-2.74
G404Q	1	-0.94
G404R	1	-1.66
G404S	1	-1.12
G404T	1	-2.59
G404V	1	-2.49
G404W	1	-2.76
G404Y	1	-2.1
G404*	1	-4.15
D405A	1	-0.71
D405C	1	-0.76
D405D	1	0.0
D405E	1	-0.47
D405F	1	-0.92
D405G	1	-1.11
D405H	1	-2.83
D405I	1	-1.0
D405K	1	-0.36
D405L	1	-0.93
D405M	1	-1.01
D405N	1	-0.47
D405P	1	-2.56
D405Q	1	-1.21
D405R	1	-0.65
D405S	1	-0.37
D405T	1	-0.58
D405V	1	-1.14
D405W	1	-1.71
D405Y	1	-0.86
D405*	1	-3.74
E406A	1	-2.17
E406C	1	-2.75
E406D	1	-0.53
E406E	1	0.0
E406F	1	-2.11
E406G	1	-2.49
E406H	1	0.07
E406I	1	-2.72
E406K	1	-2.34
E406L	1	-2.51
E406M	1	-1.2
E406N	1	-2.58
E406P	1	-2.68
E406Q	1	0.04
E406R	1	-2.67
E406S	1	-2.54
E406T	1	-2.39
E406V	1	-2.41
E406W	1	-0.25
E406Y	1	-2.35
E406*	1	-4.56
V407A	1	-2.22
V407C	1	-2.12
V407D	1	-2.8
V407E	1	-2.54
V407F	1	-2.62
V407G	1	-2.76
V407H	1	-2.73
V407I	1	-0.32
V407K	1	-2.51
V407L	1	-0.06
V407M	1	-1.16
V407N	1	-2.51
V407P	1	-2.81
V407Q	1	-1.99
V407R	1	-2.17
V407S	1	-2.5
V407T	1	-1.85
V407V	1	0.0
V407W	1	-2.65
V407Y	1	-2.74
V407*	1	-4.53
R408A	1	0.12
R408C	1	-0.06
R408D	1	0.53
R408E	1	0.27
R408F	1	-0.48
R408G	1	0.09
R408H	1	0.02
R408I	1	-0.46
R408K	1	0.06
R408L	1	-0.54
R408M	1	-0.48
R408N	1	-0.13
R408P	1	0.15
R408Q	1	0.29
R408R	1	0.0
R408S	1	0.21
R408T	1	-0.06
R408V	1	0.04
R408W	1	-0.56
R408Y	1	-0.22
R408*	1	-3.49
Q409A	1	-2.33
Q409C	1	-1.36
Q409D	1	-2.21
Q409E	1	-0.25
Q409F	1	-1.85
Q409G	1	-2.44
Q409H	1	-1.27
Q409I	1	-2.92
Q409K	1	-1.25
Q409L	1	-1.71
Q409M	1	-1.48
Q409N	1	-0.83
Q409P	1	-2.85
Q409Q	1	0.0
Q409R	1	-1.71
Q409S	1	-1.33
Q409T	1	-2.01
Q409V	1	-2.66
Q409W	1	-2.52
Q409Y	1	-1.86
Q409*	1	-4.2
I410A	1	-2.82
I410C	1	-2.69
I410D	1	-2.94
I410E	1	-2.7
I410F	1	-2.69
I410G	1	-2.81
I410H	1	-2.89
I410I	1	0.0
I410K	1	-2.76
I410L	1	-1.45
I410M	1	-2.28
I410N	1	-2.66
I410P	1	-2.54
I410Q	1	-2.83
I410R	1	-2.84
I410S	1	-2.65
I410T	1	-2.76
I410V	1	-0.6
I410W	1	-2.79
I410Y	1	-2.68
I410*	1	-4.52
A411A	1	0.0
A411C	1	-1.58
A411D	1	-2.02
A411E	1	-0.79
A411F	1	-2.35
A411G	1	-0.78
A411H	1	-2.03
A411I	1	-2.23
A411K	1	-1.32
A411L	1	-2.3
A411M	1	-1.62
A411N	1	-2.18
A411P	1	-2.77
A411Q	1	-0.54
A411R	1	-0.98
A411S	1	-0.73
A411T	1	-1.59
A411V	1	-1.54
A411W	1	-1.16
A411Y	1	-2.33
A411*	1	-4.55
P412A	1	-2.64
P412C	1	-2.69
P412D	1	-2.74
P412E	1	-2.55
P412F	1	-2.86
P412G	1	-2.63
P412H	1	-2.73
P412I	1	-2.62
P412K	1	-2.5
P412L	1	-2.63
P412M	1	-2.79
P412N	1	-2.68
P412P	1	0.0
P412Q	1	-2.56
P412R	1	-2.73
P412S	1	-2.58
P412T	1	-2.49
P412V	1	-2.36
P412W	1	-2.78
P412Y	1	-2.87
P412*	1	-4.58
G413A	1	-0.54
G413C	1	-0.36
G413D	1	-1.29
G413E	1	-1.23
G413F	1	-0.27
G413G	1	0.0
G413H	1	-0.4
G413I	1	-1.75
G413K	1	-0.15
G413L	1	-0.39
G413M	1	-0.21
G413N	1	0.05
G413P	1	-2.72
G413Q	1	-0.36
G413R	1	-0.13
G413S	1	-0.73
G413T	1	-1.28
G413V	1	-1.74
G413W	1	-1.89
G413Y	1	-0.28
G413*	1	-4.56
Q414A	1	0.3
Q414C	1	-0.48
Q414D	1	-2.38
Q414E	1	-0.22
Q414F	1	-1.71
Q414G	1	-0.03
Q414H	1	-1.11
Q414I	1	-0.81
Q414K	1	-0.46
Q414L	1	-1.17
Q414M	1	-0.06
Q414N	1	-1.55
Q414P	1	-2.49
Q414Q	1	0.0
Q414R	1	-0.53
Q414S	1	-0.05
Q414T	1	-0.12
Q414V	1	-0.35
Q414W	1	-1.93
Q414Y	1	-1.29
Q414*	1	-4.56
T415A	1	-0.33
T415C	1	-1.15
T415D	1	-0.76
T415E	1	-0.5
T415F	1	-1.07
T415G	1	-0.61
T415H	1	0.13
T415I	1	-0.61
T415K	1	-0.09
T415L	1	-1.12
T415M	1	-0.56
T415N	1	-0.29
T415P	1	-1.01
T415Q	1	-0.1
T415R	1	0.02
T415S	1	-0.03
T415T	1	0.0
T415V	1	-0.29
T415W	1	-1.5
T415Y	1	-0.86
T415*	1	-4.57
G416A	1	-1.88
G416C	1	-2.16
G416D	1	-2.47
G416E	1	-2.64
G416F	1	-1.88
G416G	1	0.0
G416H	1	-2.12
G416I	1	-1.8
G416K	1	-2.51
G416L	1	-1.89
G416M	1	-2.12
G416N	1	-2.41
G416P	1	-2.68
G416Q	1	-2.51
G416R	1	-2.75
G416S	1	-2.28
G416T	1	-2.11
G416V	1	-1.91
G416W	1	-2.16
G416Y	1	-2.06
G416*	1	-4.54
K417A	1	0.03
K417C	1	-0.05
K417D	1	-0.33
K417E	1	-0.25
K417F	1	-0.11
K417G	1	-0.27
K417H	1	0.1
K417I	1	0.39
K417K	1	0.0
K417L	1	0.17
K417M	1	0.06
K417N	1	0.1
K417P	1	0.0
K417Q	1	-0.05
K417R	1	0.08
K417S	1	-0.05
K417T	1	0.25
K417V	1	0.65
K417W	1	-0.28
K417Y	1	0.07
K417*	1	-4.58
I418A	1	-2.77
I418C	1	-2.5
I418D	1	-2.65
I418E	1	-2.7
I418F	1	-2.42
I418G	1	-2.64
I418H	1	-2.7
I418I	1	0.0
I418K	1	-2.68
I418L	1	-2.0
I418M	1	-2.23
I418N	1	-2.72
I418P	1	-2.8
I418Q	1	-2.76
I418R	1	-2.74
I418S	1	-2.7
I418T	1	-2.42
I418V	1	-0.59
I418W	1	-2.76
I418Y	1	-2.77
I418*	1	-4.61
A419A	1	0.0
A419C	1	-1.29
A419D	1	-2.53
A419E	1	-2.58
A419F	1	-2.64
A419G	1	-1.88
A419H	1	-2.25
A419I	1	-2.28
A419K	1	-2.51
A419L	1	-2.65
A419M	1	-2.41
A419N	1	-2.1
A419P	1	-0.81
A419Q	1	-2.08
A419R	1	-2.51
A419S	1	-0.68
A419T	1	-1.21
A419V	1	-1.64
A419W	1	-2.84
A419Y	1	-2.41
A419*	1	-4.56
D420A	1	-0.79
D420C	1	-1.01
D420D	1	0.0
D420E	1	-0.44
D420F	1	-1.42
D420G	1	-1.77
D420H	1	-1.46
D420I	1	-2.04
D420K	1	-0.6
D420L	1	-1.18
D420M	1	-0.72
D420N	1	-0.33
D420P	1	-2.99
D420Q	1	-0.18
D420R	1	-0.61
D420S	1	-0.53
D420T	1	-1.18
D420V	1	-2.05
D420W	1	-1.19
D420Y	1	-1.4
D420*	1	-4.57
Y421A	1	-1.75
Y421C	1	-1.32
Y421D	1	-2.4
Y421E	1	-2.23
Y421F	1	-0.05
Y421G	1	-2.19
Y421H	1	-1.11
Y421I	1	-1.28
Y421K	1	-1.54
Y421L	1	-0.64
Y421M	1	-0.98
Y421N	1	-1.16
Y421P	1	-2.57
Y421Q	1	-2.0
Y421R	1	-2.02
Y421S	1	-1.87
Y421T	1	-2.2
Y421V	1	-1.78
Y421W	1	-0.72
Y421Y	1	0.0
Y421*	1	-4.56
N422A	1	-2.46
N422C	1	-2.31
N422D	1	-2.37
N422E	1	-2.52
N422F	1	-2.64
N422G	1	-2.56
N422H	1	-2.56
N422I	1	-2.46
N422K	1	-2.67
N422L	1	-2.54
N422M	1	-2.64
N422N	1	0.0
N422P	1	-2.65
N422Q	1	-2.51
N422R	1	-2.58
N422S	1	-1.91
N422T	1	-2.49
N422V	1	-2.53
N422W	1	-2.24
N422Y	1	-2.43
N422*	1	-4.58
Y423A	1	-2.68
Y423C	1	-2.6
Y423D	1	-2.61
Y423E	1	-2.73
Y423F	1	-1.85
Y423G	1	-2.78
Y423H	1	-2.76
Y423I	1	-2.64
Y423K	1	-2.77
Y423L	1	-2.59
Y423M	1	-2.67
Y423N	1	-2.65
Y423P	1	-2.75
Y423Q	1	-2.74
Y423R	1	-2.84
Y423S	1	-2.76
Y423T	1	-2.81
Y423V	1	-2.7
Y423W	1	-2.76
Y423Y	1	0.0
Y423*	1	-4.56
K424A	1	-1.45
K424C	1	-1.64
K424D	1	-2.74
K424E	1	-2.68
K424F	1	-2.7
K424G	1	-2.48
K424H	1	-0.65
K424I	1	-2.58
K424K	1	0.0
K424L	1	-2.59
K424M	1	-2.23
K424N	1	-1.58
K424P	1	-2.87
K424Q	1	-2.07
K424R	1	-0.63
K424S	1	-1.87
K424T	1	-2.05
K424V	1	-2.37
K424W	1	-2.82
K424Y	1	-2.46
K424*	1	-4.57
L425A	1	-2.8
L425C	1	-2.28
L425D	1	-2.74
L425E	1	-2.86
L425F	1	-2.67
L425G	1	-2.84
L425H	1	-2.86
L425I	1	-0.28
L425K	1	-2.84
L425L	1	0.0
L425M	1	-0.97
L425N	1	-2.84
L425P	1	-2.73
L425Q	1	-2.84
L425R	1	-2.86
L425S	1	-2.82
L425T	1	-2.5
L425V	1	-0.28
L425W	1	-2.72
L425Y	1	-2.84
L425*	1	-4.58
P426A	1	-1.61
P426C	1	-2.34
P426D	1	-1.89
P426E	1	-2.31
P426F	1	-2.9
P426G	1	-1.29
P426H	1	-2.33
P426I	1	-2.84
P426K	1	-2.07
P426L	1	-2.87
P426M	1	-2.87
P426N	1	-1.46
P426P	1	0.0
P426Q	1	-2.36
P426R	1	-2.33
P426S	1	-1.43
P426T	1	-1.95
P426V	1	-2.73
P426W	1	-2.89
P426Y	1	-2.87
P426*	1	-4.56
D427A	1	-0.37
D427C	1	-1.01
D427D	1	0.0
D427E	1	-0.27
D427F	1	-0.73
D427G	1	-0.71
D427H	1	-0.42
D427I	1	-0.38
D427K	1	-0.24
D427L	1	-0.17
D427M	1	-0.48
D427N	1	-0.24
D427P	1	-0.31
D427Q	1	-0.39
D427R	1	-0.32
D427S	1	-0.34
D427T	1	-0.33
D427V	1	-0.63
D427W	1	-0.89
D427Y	1	-0.85
D427*	1	-4.58
D428A	1	-0.86
D428C	1	-1.47
D428D	1	0.0
D428E	1	-0.37
D428F	1	-1.64
D428G	1	-0.85
D428H	1	-0.6
D428I	1	-1.33
D428K	1	-0.47
D428L	1	-1.27
D428M	1	-1.39
D428N	1	0.18
D428P	1	-0.95
D428Q	1	-0.73
D428R	1	-0.69
D428S	1	-0.52
D428T	1	-0.39
D428V	1	-1.07
D428W	1	-1.51
D428Y	1	-1.01
D428*	1	-4.56
F429A	1	-2.86
F429C	1	-2.85
F429D	1	-2.93
F429E	1	-2.88
F429F	1	0.0
F429G	1	-2.84
F429H	1	-2.87
F429I	1	-2.47
F429K	1	-2.89
F429L	1	-2.17
F429M	1	-2.15
F429N	1	-2.93
F429P	1	-2.93
F429Q	1	-2.91
F429R	1	-2.92
F429S	1	-2.9
F429T	1	-2.89
F429V	1	-2.61
F429W	1	-0.29
F429Y	1	-1.89
F429*	1	-4.56
T430A	1	-0.91
T430C	1	-0.06
T430D	1	-1.97
T430E	1	-1.19
T430F	1	0.02
T430G	1	-2.25
T430H	1	-0.35
T430I	1	0.07
T430K	1	-0.21
T430L	1	-0.03
T430M	1	-0.01
T430N	1	-0.87
T430P	1	-2.86
T430Q	1	-0.38
T430R	1	-0.14
T430S	1	-0.97
T430T	1	0.0
T430V	1	0.16
T430W	1	-0.82
T430Y	1	-0.06
T430*	1	-4.57
G431A	1	-2.75
G431C	1	-2.65
G431D	1	-2.94
G431E	1	-2.96
G431F	1	-2.5
G431G	1	0.0
G431H	1	-2.86
G431I	1	-2.47
G431K	1	-2.92
G431L	1	-2.62
G431M	1	-2.7
G431N	1	-2.93
G431P	1	-2.91
G431Q	1	-2.91
G431R	1	-2.95
G431S	1	-2.95
G431T	1	-2.86
G431V	1	-2.61
G431W	1	-2.79
G431Y	1	-2.65
G431*	1	-4.55
C432A	1	-3.01
C432C	1	0.0
C432D	1	-3.14
C432E	1	-2.94
C432F	1	-2.38
C432G	1	-3.15
C432H	1	-3.11
C432I	1	-1.54
C432K	1	-3.12
C432L	1	-2.13
C432M	1	-2.28
C432N	1	-3.11
C432P	1	-3.11
C432Q	1	-3.01
C432R	1	-3.19
C432S	1	-3.17
C432T	1	-3.01
C432V	1	-2.35
C432W	1	-2.8
C432Y	1	-2.89
C432*	1	-4.57
V433A	1	-2.96
V433C	1	-2.48
V433D	1	-3.1
V433E	1	-3.05
V433F	1	-2.85
V433G	1	-3.07
V433H	1	-3.14
V433I	1	-0.73
V433K	1	-3.15
V433L	1	-2.66
V433M	1	-2.76
V433N	1	-3.2
V433P	1	-3.28
V433Q	1	-3.11
V433R	1	-3.12
V433S	1	-3.12
V433T	1	-2.69
V433V	1	0.0
V433W	1	-2.9
V433Y	1	-2.91
V433*	1	-4.57
I434A	1	-1.95
I434C	1	-1.2
I434D	1	-3.11
I434E	1	-3.09
I434F	1	0.16
I434G	1	-2.73
I434H	1	-2.93
I434I	1	0.0
I434K	1	-3.04
I434L	1	-0.21
I434M	1	-0.26
I434N	1	-3.15
I434P	1	-3.03
I434Q	1	-3.13
I434R	1	-3.13
I434S	1	-2.69
I434T	1	-1.76
I434V	1	-0.27
I434W	1	-0.36
I434Y	1	-0.51
I434*	1	-4.56
A435A	1	0.0
A435C	1	-1.74
A435D	1	-2.91
A435E	1	-2.81
A435F	1	-2.14
A435G	1	-1.55
A435H	1	-2.64
A435I	1	-2.12
A435K	1	-2.78
A435L	1	-2.52
A435M	1	-1.73
A435N	1	-2.84
A435P	1	-3.01
A435Q	1	-2.57
A435R	1	-2.82
A435S	1	-0.36
A435T	1	-0.73
A435V	1	-1.74
A435W	1	-1.49
A435Y	1	-1.74
A435*	1	-4.57
W436A	1	-2.7
W436C	1	-2.42
W436D	1	-2.97
W436E	1	-2.79
W436F	1	-1.38
W436G	1	-2.86
W436H	1	-2.76
W436I	1	-2.29
W436K	1	-2.46
W436L	1	-2.37
W436M	1	-1.8
W436N	1	-2.7
W436P	1	-2.88
W436Q	1	-2.33
W436R	1	-2.36
W436S	1	-2.48
W436T	1	-2.31
W436V	1	-2.37
W436W	1	0.0
W436Y	1	-1.82
W436*	1	-4.56
N437A	1	-1.41
N437C	1	-1.13
N437D	1	-1.71
N437E	1	-1.18
N437F	1	-2.45
N437G	1	-1.65
N437H	1	-2.08
N437I	1	-2.23
N437K	1	-1.31
N437L	1	-2.04
N437M	1	-2.02
N437N	1	0.0
N437P	1	-0.8
N437Q	1	-1.5
N437R	1	-1.53
N437S	1	-1.57
N437T	1	-2.11
N437V	1	-2.08
N437W	1	-2.24
N437Y	1	-2.34
N437*	1	-4.56
S438A	1	-0.24
S438C	1	-1.62
S438D	1	-2.08
S438E	1	-1.53
S438F	1	-2.15
S438G	1	-1.21
S438H	1	-2.08
S438I	1	-1.92
S438K	1	-2.46
S438L	1	-2.21
S438M	1	-2.3
S438N	1	-2.37
S438P	1	-2.19
S438Q	1	-2.26
S438R	1	-2.81
S438S	1	0.0
S438T	1	-0.68
S438V	1	-1.71
S438W	1	-1.85
S438Y	1	-1.85
S438*	1	-4.36
N439A	1	-1.54
N439C	1	-0.28
N439D	1	-0.8
N439E	1	-0.61
N439F	1	-2.08
N439G	1	-0.8
N439H	1	-0.36
N439I	1	-1.22
N439K	1	-0.35
N439L	1	-0.73
N439M	1	-0.23
N439N	1	0.0
N439P	1	-0.82
N439Q	1	-0.02
N439R	1	-1.06
N439S	1	-0.39
N439T	1	-0.4
N439V	1	-0.44
N439W	1	-1.57
N439Y	1	-0.36
N439*	1	-3.24
N440A	1	-0.01
N440C	1	-0.57
N440D	1	0.07
N440E	1	0.23
N440F	1	-0.71
N440G	1	-0.05
N440H	1	-0.07
N440I	1	-0.24
N440K	1	-0.12
N440L	1	-0.13
N440M	1	-0.24
N440N	1	0.0
N440P	1	-0.62
N440Q	1	-0.2
N440R	1	-0.25
N440S	1	-0.07
N440T	1	-0.1
N440V	1	-0.4
N440W	1	-1.08
N440Y	1	-0.36
N440*	1	-4.55
L441A	1	-0.19
L441C	1	-1.44
L441D	1	-0.26
L441E	1	-0.06
L441F	1	-0.35
L441G	1	-1.64
L441H	1	-0.48
L441I	1	0.25
L441K	1	-0.18
L441L	1	0.0
L441M	1	0.06
L441N	1	0.01
L441P	1	-1.12
L441Q	1	0.21
L441R	1	-0.89
L441S	1	-0.33
L441T	1	-0.4
L441V	1	0.15
L441W	1	-0.37
L441Y	1	-0.5
L441*	1	-3.55
D442A	1	-2.36
D442C	1	-2.62
D442D	1	0.0
D442E	1	-1.31
D442F	1	-2.67
D442G	1	-2.22
D442H	1	-2.31
D442I	1	-2.17
D442K	1	-2.37
D442L	1	-2.08
D442M	1	-2.27
D442N	1	-2.16
D442P	1	-2.31
D442Q	1	-2.31
D442R	1	-2.42
D442S	1	-2.04
D442T	1	-1.61
D442V	1	-2.24
D442W	1	-2.53
D442Y	1	-2.3
D442*	1	-4.53
S443A	1	-0.07
S443C	1	-0.36
S443D	1	-1.26
S443E	1	-1.37
S443F	1	-1.21
S443G	1	-0.18
S443H	1	-1.25
S443I	1	-1.17
S443K	1	-1.42
S443L	1	-1.17
S443M	1	-1.01
S443N	1	-0.19
S443P	1	-1.79
S443Q	1	-0.95
S443R	1	-1.71
S443S	1	0.0
S443T	1	-0.37
S443V	1	-0.72
S443W	1	-1.81
S443Y	1	-0.95
S443*	1	-4.57
K444A	1	-0.02
K444C	1	-0.22
K444D	1	-0.08
K444E	1	0.01
K444F	1	-0.34
K444G	1	-0.14
K444H	1	-0.31
K444I	1	-0.32
K444K	1	0.0
K444L	1	-0.22
K444M	1	-0.24
K444N	1	-0.19
K444P	1	-0.65
K444Q	1	-0.09
K444R	1	-0.09
K444S	1	-0.01
K444T	1	0.07
K444V	1	-0.19
K444W	1	-0.28
K444Y	1	-0.39
K444*	1	-4.56
V445A	1	-0.08
V445C	1	-0.35
V445D	1	0.1
V445E	1	0.06
V445F	1	-0.24
V445G	1	-0.15
V445H	1	-0.13
V445I	1	-0.04
V445K	1	0.03
V445L	1	-0.15
V445M	1	-0.08
V445N	1	0.03
V445P	1	0.05
V445Q	1	-0.05
V445R	1	-0.26
V445S	1	-0.12
V445T	1	-0.09
V445V	1	0.0
V445W	1	-0.36
V445Y	1	-0.24
V445*	1	-4.58
G446A	1	-0.26
G446C	1	-0.96
G446D	1	-0.1
G446E	1	-0.12
G446F	1	-0.49
G446G	1	0.0
G446H	1	-0.22
G446I	1	-0.62
G446K	1	-0.47
G446L	1	-0.6
G446M	1	-0.48
G446N	1	-0.16
G446P	1	-0.56
G446Q	1	-0.46
G446R	1	-0.4
G446S	1	-0.4
G446T	1	-0.35
G446V	1	-0.48
G446W	1	-0.72
G446Y	1	-0.69
G446*	1	-4.55
G447A	1	-0.28
G447C	1	-0.43
G447D	1	-0.19
G447E	1	-0.2
G447F	1	-0.65
G447G	1	0.0
G447H	1	-0.23
G447I	1	-0.5
G447K	1	-0.29
G447L	1	-0.44
G447M	1	-0.44
G447N	1	-0.43
G447P	1	-0.59
G447Q	1	-0.38
G447R	1	-0.64
G447S	1	-0.18
G447T	1	-0.23
G447V	1	-0.44
G447W	1	-1.94
G447Y	1	-0.65
G447*	1	-4.59
N448A	1	-0.66
N448C	1	-0.88
N448D	1	-0.28
N448E	1	-0.1
N448F	1	-1.26
N448G	1	-0.11
N448H	1	-0.41
N448I	1	-1.68
N448K	1	-0.68
N448L	1	-1.54
N448M	1	-0.8
N448N	1	0.0
N448P	1	-0.64
N448Q	1	-0.32
N448R	1	-0.59
N448S	1	-0.16
N448T	1	-0.25
N448V	1	-0.78
N448W	1	-1.55
N448Y	1	-0.88
N448*	1	-4.55
Y449A	1	0.05
Y449C	1	-0.17
Y449D	1	0.29
Y449E	1	0.12
Y449F	1	-0.03
Y449G	1	0.06
Y449H	1	0.12
Y449I	1	-0.21
Y449K	1	-0.03
Y449L	1	-0.3
Y449M	1	-0.04
Y449N	1	0.07
Y449P	1	0.07
Y449Q	1	0.18
Y449R	1	-0.02
Y449S	1	0.12
Y449T	1	0.09
Y449V	1	-0.1
Y449W	1	-0.23
Y449Y	1	0.0
Y449*	1	-4.55
N450A	1	-0.11
N450C	1	-0.77
N450D	1	0.04
N450E	1	0.15
N450F	1	-0.58
N450G	1	-0.1
N450H	1	-0.1
N450I	1	-0.43
N450K	1	-0.01
N450L	1	-0.39
N450M	1	-0.29
N450N	1	0.0
N450P	1	-0.14
N450Q	1	0.04
N450R	1	-0.13
N450S	1	-0.02
N450T	1	0.08
N450V	1	-0.33
N450W	1	-0.61
N450Y	1	-0.43
N450*	1	-4.52
Y451A	1	-1.27
Y451C	1	-1.26
Y451D	1	-2.21
Y451E	1	-2.2
Y451F	1	-0.23
Y451G	1	-2.16
Y451H	1	-0.42
Y451I	1	-0.89
Y451K	1	-1.38
Y451L	1	-0.15
Y451M	1	-0.58
Y451N	1	-1.58
Y451P	1	-1.23
Y451Q	1	-0.72
Y451R	1	-1.89
Y451S	1	-1.45
Y451T	1	-1.77
Y451V	1	-1.45
Y451W	1	-1.76
Y451Y	1	0.0
Y451*	1	-4.56
L452A	1	0.03
L452C	1	-0.11
L452D	1	-0.41
L452E	1	0.08
L452F	1	0.05
L452G	1	0.02
L452H	1	0.17
L452I	1	-0.42
L452K	1	0.58
L452L	1	0.0
L452M	1	0.16
L452N	1	-0.13
L452P	1	-2.45
L452Q	1	0.27
L452R	1	0.32
L452S	1	0.4
L452T	1	0.09
L452V	1	-0.1
L452W	1	0.03
L452Y	1	0.14
L452*	1	-4.55
Y453A	1	-0.87
Y453C	1	-1.05
Y453D	1	-2.28
Y453E	1	-1.92
Y453F	1	-0.08
Y453G	1	-2.34
Y453H	1	-0.58
Y453I	1	-1.83
Y453K	1	-0.23
Y453L	1	-1.37
Y453M	1	-0.67
Y453N	1	-1.52
Y453P	1	-2.56
Y453Q	1	-1.21
Y453R	1	0.01
Y453S	1	-0.34
Y453T	1	-1.71
Y453V	1	-1.0
Y453W	1	-1.27
Y453Y	1	0.0
Y453*	1	-4.55
R454A	1	-2.64
R454C	1	-2.33
R454D	1	-2.43
R454E	1	-2.38
R454F	1	-2.1
R454G	1	-2.4
R454H	1	-2.42
R454I	1	-1.58
R454K	1	-2.19
R454L	1	-2.15
R454M	1	-2.42
R454N	1	-2.55
R454P	1	-2.63
R454Q	1	-2.48
R454R	1	0.0
R454S	1	-2.49
R454T	1	-2.49
R454V	1	-2.27
R454W	1	-2.6
R454Y	1	-2.59
R454*	1	-4.58
L455A	1	0.58
L455C	1	0.23
L455D	1	0.19
L455E	1	0.26
L455F	1	-0.05
L455G	1	0.14
L455H	1	0.36
L455I	1	0.07
L455K	1	0.75
L455L	1	0.0
L455M	1	0.31
L455N	1	0.79
L455P	1	0.13
L455R	1	0.74
L455S	1	0.45
L455T	1	0.15
L455V	1	0.21
L455W	1	-0.03
L455Y	1	-0.1
L455*	1	-4.43
F456A	1	-0.1
F456C	1	-0.29
F456D	1	-0.69
F456E	1	-0.41
F456F	1	0.0
F456G	1	-0.19
F456H	1	0.11
F456I	1	-0.15
F456K	1	-0.17
F456L	1	-0.49
F456M	1	-0.37
F456N	1	-0.1
F456P	1	-2.53
F456Q	1	-0.35
F456R	1	-0.11
F456S	1	-0.35
F456T	1	-0.26
F456V	1	-0.16
F456W	1	-0.04
F456Y	1	0.48
F456*	1	-3.89
R457A	1	-1.6
R457C	1	-2.21
R457D	1	-2.34
R457E	1	-2.26
R457F	1	-2.54
R457G	1	-1.97
R457H	1	-1.99
R457I	1	-2.34
R457K	1	-1.58
R457L	1	-2.34
R457M	1	-2.52
R457N	1	-2.06
R457P	1	-2.48
R457Q	1	-2.55
R457R	1	0.0
R457S	1	-1.68
R457T	1	-2.48
R457V	1	-2.53
R457W	1	-2.54
R457Y	1	-2.45
R457*	1	-4.6
K458A	1	-0.19
K458C	1	-1.03
K458D	1	-0.06
K458E	1	-0.08
K458F	1	-0.92
K458G	1	-0.28
K458H	1	-0.15
K458I	1	-0.55
K458K	1	0.0
K458L	1	-0.59
K458M	1	-0.51
K458N	1	-0.15
K458P	1	-0.17
K458Q	1	-0.28
K458R	1	-0.15
K458S	1	-0.05
K458T	1	-0.14
K458V	1	-0.51
K458W	1	-0.96
K458Y	1	-0.69
K458*	1	-4.53
S459A	1	-0.1
S459C	1	-0.25
S459D	1	0.0
S459E	1	0.11
S459F	1	-0.69
S459G	1	-0.16
S459H	1	-0.07
S459I	1	-0.5
S459K	1	0.1
S459L	1	-0.92
S459M	1	-0.49
S459N	1	0.01
S459P	1	-0.83
S459Q	1	0.17
S459R	1	-0.06
S459S	1	0.0
S459T	1	0.09
S459V	1	-0.19
S459W	1	-1.04
S459Y	1	-0.62
S459*	1	-4.58
N460A	1	0.02
N460C	1	-0.27
N460D	1	-0.42
N460E	1	-0.26
N460F	1	-0.44
N460G	1	-0.79
N460H	1	-0.02
N460I	1	-0.08
N460K	1	0.16
N460L	1	-0.17
N460M	1	-0.29
N460N	1	0.0
N460P	1	0.07
N460Q	1	-0.15
N460R	1	0.09
N460S	1	-0.15
N460T	1	-0.05
N460V	1	-0.08
N460W	1	-1.04
N460Y	1	-0.32
N460*	1	-4.58
L461A	1	-2.29
L461C	1	-1.78
L461D	1	-2.36
L461E	1	-2.34
L461F	1	-2.19
L461G	1	-2.37
L461H	1	-2.47
L461I	1	0.0
L461K	1	-2.4
L461L	1	0.0
L461M	1	-0.82
L461N	1	-2.27
L461P	1	-2.55
L461Q	1	-2.73
L461R	1	-2.61
L461S	1	-2.41
L461T	1	-2.04
L461V	1	-0.28
L461W	1	-2.52
L461Y	1	-2.47
L461*	1	-4.58
K462A	1	-0.15
K462C	1	-0.59
K462D	1	-0.46
K462E	1	-0.03
K462F	1	-0.76
K462G	1	-0.39
K462H	1	-0.21
K462I	1	-0.8
K462K	1	0.0
K462L	1	-0.21
K462M	1	-0.26
K462N	1	-0.33
K462P	1	-1.23
K462Q	1	-0.15
K462R	1	-0.13
K462S	1	-0.28
K462T	1	-0.32
K462V	1	-0.66
K462W	1	-1.78
K462Y	1	-0.63
K462*	1	-4.57
P463A	1	-0.48
P463C	1	-1.62
P463D	1	-1.71
P463E	1	-1.23
P463F	1	-1.67
P463G	1	-1.11
P463H	1	-1.82
P463I	1	-1.76
P463K	1	-1.94
P463L	1	-1.9
P463M	1	-1.82
P463N	1	-1.98
P463P	1	0.0
P463Q	1	-1.67
P463R	1	-2.04
P463S	1	-1.06
P463T	1	-1.81
P463V	1	-1.58
P463W	1	-0.81
P463Y	1	-1.81
P463*	1	-4.57
F464A	1	-0.94
F464C	1	-1.35
F464D	1	-1.44
F464E	1	-1.13
F464F	1	0.0
F464G	1	-0.02
F464H	1	-0.44
F464I	1	-1.91
F464K	1	-1.71
F464L	1	-0.72
F464M	1	-0.52
F464N	1	-0.65
F464P	1	-2.4
F464Q	1	-0.85
F464R	1	-1.21
F464S	1	-0.75
F464T	1	-1.32
F464V	1	-1.91
F464W	1	-0.34
F464Y	1	0.19
F464*	1	-4.58
E465A	1	-1.03
E465C	1	-1.47
E465D	1	-0.57
E465E	1	0.0
E465F	1	-2.04
E465G	1	-0.79
E465H	1	-0.96
E465I	1	-2.45
E465K	1	-1.78
E465L	1	-2.29
E465M	1	-1.41
E465N	1	-1.32
E465P	1	-2.59
E465Q	1	0.01
E465R	1	-1.71
E465S	1	-1.51
E465T	1	-1.09
E465V	1	-2.0
E465W	1	-2.19
E465Y	1	-1.87
E465*	1	-4.58
R466A	1	-1.7
R466C	1	-1.41
R466D	1	-2.48
R466E	1	-2.2
R466F	1	-2.18
R466G	1	-2.34
R466H	1	-0.97
R466I	1	-1.44
R466K	1	-0.22
R466L	1	-1.44
R466M	1	-1.35
R466N	1	-1.89
R466P	1	-2.42
R466Q	1	-0.36
R466R	1	0.0
R466S	1	-1.41
R466T	1	-1.75
R466V	1	-1.73
R466W	1	-1.83
R466Y	1	-2.01
R466*	1	-4.58
D467A	1	-2.49
D467C	1	-2.47
D467D	1	0.0
D467E	1	-2.27
D467F	1	-2.85
D467G	1	-2.54
D467H	1	-2.47
D467I	1	-2.81
D467K	1	-2.48
D467L	1	-2.78
D467M	1	-2.75
D467N	1	-2.02
D467P	1	-2.43
D467Q	1	-2.51
D467R	1	-2.55
D467S	1	-2.39
D467T	1	-2.61
D467V	1	-2.75
D467W	1	-2.78
D467Y	1	-2.77
D467*	1	-4.31
I468A	1	-0.37
I468C	1	-0.31
I468D	1	-0.16
I468E	1	0.02
I468F	1	-1.04
I468G	1	-0.88
I468H	1	-0.87
I468I	1	0.0
I468K	1	-0.5
I468L	1	-0.03
I468M	1	-0.19
I468N	1	-0.07
I468P	1	-0.83
I468Q	1	-0.26
I468R	1	-0.43
I468S	1	-0.36
I468T	1	0.17
I468V	1	0.07
I468W	1	-1.25
I468Y	1	-0.85
I468*	1	-4.53
S469A	1	-0.66
S469C	1	-0.91
S469D	1	-0.37
S469E	1	-0.7
S469F	1	-2.14
S469G	1	-0.29
S469H	1	-1.12
S469I	1	-2.0
S469K	1	-0.7
S469L	1	-1.79
S469M	1	-1.75
S469N	1	-0.35
S469P	1	-2.41
S469Q	1	-0.97
S469R	1	-0.56
S469S	1	0.0
S469T	1	-0.11
S469V	1	-1.64
S469W	1	-2.16
S469Y	1	-1.96
S469*	1	-4.56
T470A	1	-0.25
T470C	1	-0.22
T470D	1	-0.27
T470E	1	-0.07
T470F	1	-0.92
T470G	1	-0.51
T470H	1	-0.31
T470I	1	-0.47
T470K	1	-0.2
T470L	1	-0.35
T470M	1	-0.25
T470N	1	-0.18
T470P	1	-1.09
T470Q	1	-0.08
T470R	1	-0.17
T470S	1	-0.2
T470T	1	0.0
T470V	1	-0.33
T470W	1	-1.05
T470Y	1	-0.53
T470*	1	-4.57
E471A	1	-0.28
E471C	1	-0.79
E471D	1	0.05
E471E	1	0.0
E471F	1	-0.76
E471G	1	-0.26
E471H	1	-0.25
E471I	1	-0.84
E471K	1	-0.35
E471L	1	-0.96
E471M	1	-0.65
E471N	1	-0.13
E471P	1	-0.88
E471Q	1	-0.19
E471R	1	-0.53
E471S	1	-0.22
E471T	1	-0.22
E471V	1	-0.49
E471W	1	-1.19
E471Y	1	-0.82
E471*	1	-4.57
I472A	1	-0.5
I472C	1	-0.42
I472D	1	-0.9
I472E	1	-0.93
I472F	1	-0.52
I472G	1	-0.77
I472H	1	-0.91
I472I	1	0.0
I472K	1	-0.88
I472L	1	-0.13
I472M	1	-0.2
I472N	1	-0.84
I472P	1	-0.07
I472Q	1	-0.85
I472R	1	-1.02
I472S	1	-0.79
I472T	1	-0.39
I472V	1	-0.12
I472W	1	-0.5
I472Y	1	-0.43
I472*	1	-4.56
Y473A	1	-0.91
Y473C	1	-1.0
Y473D	1	-0.65
Y473E	1	-0.71
Y473F	1	-0.1
Y473G	1	-1.21
Y473H	1	-0.3
Y473I	1	-0.44
Y473K	1	-1.26
Y473L	1	-0.57
Y473M	1	-0.49
Y473N	1	-0.88
Y473P	1	-0.97
Y473Q	1	-0.84
Y473R	1	-1.25
Y473S	1	-0.99
Y473T	1	-0.93
Y473V	1	-0.26
Y473W	1	-0.31
Y473Y	1	0.0
Y473*	1	-4.55
Q474A	1	-0.39
Q474C	1	-1.1
Q474D	1	-0.38
Q474E	1	-0.24
Q474F	1	-1.5
Q474G	1	-0.53
Q474H	1	-0.55
Q474I	1	-1.35
Q474K	1	-0.57
Q474L	1	-1.69
Q474M	1	-0.68
Q474N	1	-0.18
Q474P	1	-0.33
Q474Q	1	0.0
Q474R	1	-0.65
Q474S	1	-0.26
Q474T	1	-0.59
Q474V	1	-0.97
Q474W	1	-2.03
Q474Y	1	-1.5
Q474*	1	-4.51
A475A	1	0.0
A475C	1	-0.36
A475D	1	-0.23
A475E	1	-0.21
A475F	1	-0.29
A475G	1	-0.14
A475H	1	-0.9
A475I	1	-0.27
A475K	1	-0.26
A475L	1	-0.31
A475M	1	-0.16
A475N	1	0.17
A475P	1	-1.39
A475Q	1	-0.49
A475R	1	-0.28
A475S	1	-0.19
A475T	1	-0.29
A475V	1	-0.21
A475W	1	-1.09
A475Y	1	-0.44
A475*	1	-4.4
G476A	1	-0.31
G476C	1	-1.32
G476D	1	-0.23
G476E	1	-0.53
G476F	1	-1.64
G476G	1	0.0
G476H	1	-0.92
G476I	1	-1.79
G476K	1	-0.72
G476L	1	-1.62
G476M	1	-1.19
G476N	1	-0.48
G476P	1	-1.26
G476Q	1	-0.65
G476R	1	-0.87
G476S	1	-0.06
G476T	1	-0.33
G476V	1	-1.32
G476W	1	-1.42
G476Y	1	-1.6
G476*	1	-4.58
S477A	1	-0.01
S477C	1	-0.4
S477D	1	0.12
S477E	1	0.36
S477F	1	-0.25
S477G	1	-0.17
S477H	1	-0.12
S477I	1	-0.23
S477K	1	-0.26
S477L	1	-0.23
S477M	1	-0.26
S477N	1	0.06
S477P	1	-0.03
S477Q	1	-0.15
S477R	1	-0.12
S477S	1	0.0
S477T	1	-0.04
S477V	1	-0.21
S477W	1	-0.43
S477Y	1	-0.42
S477*	1	-4.52
T478A	1	-0.11
T478C	1	-0.28
T478D	1	-0.17
T478E	1	-0.04
T478F	1	-0.26
T478G	1	-0.32
T478H	1	-0.22
T478I	1	-0.16
T478K	1	0.02
T478L	1	-0.2
T478M	1	-0.3
T478N	1	-0.26
T478P	1	-0.63
T478Q	1	-0.04
T478R	1	-0.09
T478S	1	-0.09
T478T	1	0.0
T478V	1	-0.2
T478W	1	-0.56
T478Y	1	-0.31
T478*	1	-4.57
P479A	1	-0.17
P479C	1	-0.62
P479D	1	-0.06
P479E	1	-0.16
P479F	1	-0.73
P479G	1	-0.44
P479H	1	-0.32
P479I	1	-0.37
P479K	1	-0.11
P479L	1	-0.35
P479M	1	-0.3
P479N	1	-0.23
P479P	1	0.0
P479Q	1	-0.16
P479R	1	-0.24
P479S	1	-0.2
P479T	1	-0.29
P479V	1	-0.33
P479W	1	-1.31
P479Y	1	-0.49
P479*	1	-4.57
C480A	1	-1.35
C480C	1	0.0
C480D	1	-1.0
C480E	1	-0.99
C480F	1	-1.81
C480G	1	-1.26
C480H	1	-1.67
C480I	1	-1.27
C480K	1	-1.28
C480L	1	-1.43
C480M	1	-1.54
C480N	1	-1.18
C480P	1	-1.14
C480Q	1	-1.01
C480R	1	-1.44
C480S	1	-1.43
C480T	1	-0.91
C480V	1	-1.39
C480W	1	-1.86
C480Y	1	-1.56
C480*	1	-4.53
N481A	1	-0.2
N481C	1	-0.34
N481D	1	-0.08
N481E	1	-0.15
N481F	1	-0.29
N481G	1	0.04
N481H	1	-0.16
N481I	1	-0.81
N481K	1	-0.11
N481L	1	-0.42
N481M	1	-0.39
N481N	1	0.0
N481P	1	-0.95
N481Q	1	-0.03
N481R	1	-0.09
N481S	1	-0.16
N481T	1	-0.26
N481V	1	-0.49
N481W	1	-1.05
N481Y	1	-0.32
N481*	1	-4.58
G482A	1	-0.35
G482C	1	-0.74
G482D	1	-0.14
G482E	1	-0.1
G482F	1	-0.85
G482G	1	0.0
G482H	1	-0.66
G482I	1	-1.1
G482K	1	-0.27
G482L	1	-0.99
G482M	1	-1.11
G482N	1	-0.07
G482P	1	-0.72
G482Q	1	-0.31
G482R	1	-0.65
G482S	1	-0.3
G482T	1	-0.5
G482V	1	-1.11
G482W	1	-1.68
G482Y	1	-0.96
G482*	1	-4.52
V483A	1	0.09
V483C	1	-0.22
V483D	1	-0.1
V483E	1	-0.01
V483F	1	-0.31
V483G	1	-0.21
V483H	1	-0.09
V483I	1	-0.14
V483K	1	0.14
V483L	1	-0.02
V483M	1	0.03
V483N	1	-0.06
V483P	1	-0.44
V483Q	1	0.08
V483R	1	-0.06
V483S	1	0.08
V483T	1	0.3
V483V	1	0.0
V483W	1	-0.83
V483Y	1	-0.26
V483*	1	-4.58
E484A	1	-0.23
E484C	1	-0.61
E484D	1	-0.19
E484E	1	0.0
E484F	1	-0.63
E484G	1	-0.42
E484H	1	-0.29
E484I	1	-0.27
E484K	1	-0.1
E484L	1	-0.2
E484M	1	-0.24
E484N	1	-0.19
E484P	1	-0.02
E484Q	1	-0.08
E484R	1	-0.12
E484S	1	-0.18
E484T	1	-0.03
E484V	1	-0.05
E484W	1	-0.77
E484Y	1	-0.63
E484*	1	-4.57
G485A	1	-0.21
G485C	1	-0.55
G485D	1	-0.22
G485E	1	-0.4
G485F	1	-1.25
G485G	1	0.0
G485H	1	-0.45
G485I	1	-1.22
G485K	1	-0.1
G485L	1	-1.07
G485M	1	-0.56
G485N	1	-0.4
G485P	1	-0.68
G485Q	1	-0.23
G485R	1	-0.54
G485S	1	-0.11
G485T	1	-0.21
G485V	1	-1.16
G485W	1	-1.17
G485Y	1	-1.17
G485*	1	-4.54
F486A	1	0.1
F486C	1	-0.07
F486D	1	0.11
F486E	1	0.28
F486F	1	0.0
F486G	1	-0.08
F486H	1	0.05
F486I	1	0.04
F486K	1	0.18
F486L	1	0.03
F486M	1	0.04
F486N	1	0.04
F486P	1	0.22
F486Q	1	0.22
F486R	1	0.15
F486S	1	0.13
F486T	1	0.13
F486V	1	0.07
F486W	1	-0.12
F486Y	1	0.04
F486*	1	-4.55
N487A	1	-0.22
N487C	1	-0.49
N487D	1	0.07
N487E	1	-0.01
N487F	1	-0.63
N487G	1	0.1
N487H	1	-0.3
N487I	1	-1.7
N487K	1	-0.09
N487L	1	-0.37
N487M	1	-0.27
N487N	1	0.0
N487P	1	-1.34
N487Q	1	0.15
N487R	1	-0.25
N487S	1	-0.2
N487T	1	-0.38
N487V	1	-1.64
N487W	1	-0.53
N487Y	1	-0.72
N487*	1	-4.54
C488A	1	-1.3
C488C	1	0.0
C488D	1	-0.98
C488E	1	-1.19
C488F	1	-1.81
C488G	1	-1.28
C488H	1	-1.59
C488I	1	-1.8
C488K	1	-1.38
C488L	1	-1.63
C488M	1	-1.59
C488N	1	-1.01
C488P	1	-1.33
C488Q	1	-1.47
C488R	1	-1.29
C488S	1	-1.15
C488T	1	-1.34
C488V	1	-1.72
C488W	1	-1.51
C488Y	1	-1.72
C488*	1	-4.58
Y489A	1	-0.31
Y489C	1	-0.16
Y489D	1	-0.56
Y489E	1	-0.28
Y489F	1	-0.12
Y489G	1	-0.83
Y489H	1	0.11
Y489I	1	-0.05
Y489K	1	-0.04
Y489L	1	-0.1
Y489M	1	-0.06
Y489N	1	-0.16
Y489P	1	-0.36
Y489Q	1	-0.18
Y489R	1	-0.1
Y489S	1	0.06
Y489T	1	0.04
Y489V	1	-0.1
Y489W	1	-0.1
Y489Y	1	0.0
Y489*	1	-4.55
F490A	1	0.03
F490C	1	-0.4
F490D	1	-0.33
F490E	1	-0.18
F490F	1	0.0
F490G	1	-0.46
F490H	1	-0.04
F490I	1	-0.47
F490K	1	-0.07
F490L	1	-0.35
F490M	1	-0.2
F490N	1	0.03
F490P	1	-0.13
F490Q	1	0.02
F490R	1	-0.05
F490S	1	-0.1
F490T	1	-0.25
F490V	1	-0.36
F490W	1	-0.03
F490Y	1	0.1
F490*	1	-4.44
P491A	1	-1.54
P491C	1	-1.89
P491D	1	-1.89
P491E	1	-2.04
P491F	1	-2.47
P491G	1	-1.75
P491H	1	-2.33
P491I	1	-2.46
P491K	1	-2.61
P491L	1	-2.43
P491M	1	-2.38
P491N	1	-1.9
P491P	1	0.0
P491Q	1	-1.99
P491R	1	-2.44
P491S	1	-1.49
P491T	1	-1.64
P491V	1	-2.34
P491W	1	-2.26
P491Y	1	-2.54
P491*	1	-4.56
L492A	1	-2.22
L492C	1	-2.0
L492D	1	-2.45
L492E	1	-2.47
L492F	1	-0.95
L492G	1	-2.45
L492H	1	-2.14
L492I	1	-0.36
L492K	1	-2.39
L492L	1	0.0
L492M	1	-1.07
L492N	1	-1.53
L492P	1	-2.47
L492Q	1	-2.36
L492R	1	-2.28
L492S	1	-2.41
L492T	1	-1.86
L492V	1	-0.86
L492W	1	-2.54
L492Y	1	-2.28
L492*	1	-4.57
Q493A	1	0.06
Q493C	1	-0.46
Q493D	1	-0.1
Q493E	1	-0.02
Q493F	1	-0.74
Q493G	1	-0.08
Q493H	1	-0.17
Q493I	1	-0.39
Q493K	1	0.03
Q493L	1	-0.44
Q493M	1	-0.07
Q493N	1	-0.23
Q493P	1	-2.1
Q493Q	1	0.0
Q493R	1	-0.06
Q493S	1	-0.05
Q493T	1	-0.09
Q493V	1	-0.1
Q493W	1	-0.76
Q493Y	1	-0.97
Q493*	1	-4.54
S494A	1	0.01
S494C	1	-0.73
S494D	1	-0.61
S494E	1	-0.36
S494F	1	-0.94
S494G	1	-0.15
S494H	1	-0.17
S494I	1	-0.96
S494K	1	-0.03
S494L	1	-1.02
S494M	1	-0.87
S494N	1	-0.14
S494P	1	-0.02
S494Q	1	0.03
S494R	1	-0.08
S494S	1	0.0
S494T	1	-0.12
S494V	1	-0.42
S494W	1	-0.92
S494Y	1	-0.44
S494*	1	-3.6
Y495A	1	-1.83
Y495C	1	-2.1
Y495D	1	-2.15
Y495E	1	-1.59
Y495F	1	-1.75
Y495G	1	-1.85
Y495H	1	-1.11
Y495I	1	-2.01
Y495K	1	-1.92
Y495L	1	-2.13
Y495M	1	-1.54
Y495N	1	-2.09
Y495P	1	-2.02
Y495Q	1	-1.68
Y495R	1	-2.08
Y495S	1	-2.02
Y495T	1	-2.04
Y495V	1	-1.91
Y495W	1	-1.87
Y495Y	1	0.0
Y495*	1	-4.55
G496A	1	0.07
G496C	1	-0.06
G496D	1	0.03
G496E	1	0.02
G496F	1	-0.32
G496G	1	0.0
G496H	1	-0.11
G496I	1	-0.02
G496K	1	0.14
G496L	1	-0.17
G496M	1	-0.1
G496N	1	0.04
G496P	1	-0.63
G496Q	1	0.05
G496R	1	0.13
G496S	1	0.12
G496T	1	0.12
G496V	1	-0.04
G496W	1	-0.43
G496Y	1	-0.15
G496*	1	-4.51
F497A	1	-1.95
F497C	1	-2.35
F497D	1	-2.21
F497E	1	-2.15
F497F	1	0.0
F497G	1	-2.14
F497H	1	-2.17
F497I	1	-2.22
F497K	1	-2.01
F497L	1	-2.06
F497M	1	-2.17
F497N	1	-2.04
F497P	1	-2.04
F497Q	1	-2.06
F497R	1	-2.31
F497S	1	-2.05
F497T	1	-1.91
F497V	1	-2.15
F497W	1	-1.43
F497Y	1	-1.76
F497*	1	-4.61
Q498A	1	0.05
Q498C	1	-0.44
Q498D	1	0.45
Q498E	1	-0.06
Q498F	1	0.05
Q498G	1	-0.09
Q498H	1	0.16
Q498I	1	-0.12
Q498K	1	0.05
Q498L	1	-0.14
Q498M	1	-0.1
Q498N	1	-0.1
Q498P	1	-1.29
Q498Q	1	0.0
Q498R	1	-0.1
Q498S	1	-0.45
Q498T	1	-0.21
Q498V	1	-0.11
Q498W	1	-0.41
Q498Y	1	0.06
Q498*	1	-4.56
P499A	1	-0.52
P499C	1	-0.83
P499D	1	-0.21
P499E	1	-0.06
P499F	1	-0.94
P499G	1	-0.23
P499H	1	-0.51
P499I	1	-1.07
P499K	1	-0.41
P499L	1	-0.61
P499M	1	-0.53
P499N	1	-0.34
P499P	1	0.0
P499Q	1	-0.27
P499R	1	-0.58
P499S	1	-0.24
P499T	1	-0.35
P499V	1	-0.41
P499W	1	-1.08
P499Y	1	-0.58
P499*	1	-4.57
T500A	1	-0.02
T500C	1	-0.33
T500D	1	-0.01
T500E	1	0.01
T500F	1	-0.26
T500G	1	0.06
T500H	1	-0.19
T500I	1	-0.48
T500K	1	-0.11
T500L	1	-0.29
T500M	1	-0.31
T500N	1	-0.04
T500P	1	-0.98
T500Q	1	-0.02
T500R	1	-0.34
T500S	1	0.0
T500T	1	0.0
T500V	1	-0.42
T500W	1	-0.42
T500Y	1	-0.28
T500*	1	-4.5
N501A	1	0.07
N501C	1	-0.47
N501D	1	0.08
N501E	1	-0.42
N501F	1	-0.1
N501G	1	-0.32
N501H	1	-0.24
N501I	1	-0.7
N501K	1	-0.1
N501L	1	-0.04
N501M	1	0.33
N501N	1	0.0
N501P	1	-0.62
N501Q	1	0.14
N501R	1	-0.07
N501S	1	-0.03
N501T	1	-0.25
N501V	1	-0.19
N501W	1	0.1
N501Y	1	-0.14
N501*	1	-4.23
G502A	1	0.08
G502C	1	-0.25
G502D	1	0.64
G502E	1	0.54
G502F	1	-0.19
G502G	1	0.0
G502H	1	0.05
G502I	1	0.03
G502K	1	0.24
G502L	1	-0.16
G502M	1	-0.09
G502N	1	0.25
G502P	1	0.25
G502Q	1	0.16
G502R	1	0.1
G502S	1	0.28
G502T	1	0.15
G502V	1	0.1
G502W	1	-0.29
G502Y	1	-0.27
G502*	1	-4.54
V503A	1	-0.1
V503C	1	-0.22
V503D	1	-0.11
V503E	1	0.07
V503F	1	-0.38
V503G	1	-0.49
V503H	1	-0.33
V503I	1	-0.05
V503K	1	0.01
V503L	1	0.04
V503M	1	-0.12
V503N	1	-0.29
V503P	1	-1.66
V503Q	1	-0.11
V503R	1	-0.15
V503S	1	-0.21
V503T	1	-0.12
V503V	1	0.0
V503W	1	-0.61
V503Y	1	-0.57
V503*	1	-4.56
G504A	1	0.01
G504C	1	-0.56
G504D	1	0.3
G504E	1	0.09
G504F	1	-0.67
G504G	1	0.0
G504H	1	-0.13
G504I	1	-0.3
G504K	1	0.04
G504L	1	-0.03
G504M	1	0.01
G504N	1	0.01
G504P	1	-0.16
G504Q	1	0.0
G504R	1	-0.11
G504S	1	-0.08
G504T	1	-0.2
G504V	1	-0.48
G504W	1	-0.58
G504Y	1	-0.7
G504*	1	-4.55
Y505A	1	0.12
Y505C	1	0.12
Y505D	1	0.41
Y505E	1	0.56
Y505F	1	-0.01
Y505G	1	0.37
Y505H	1	0.16
Y505I	1	-0.42
Y505K	1	0.13
Y505L	1	0.03
Y505M	1	0.07
Y505N	1	0.56
Y505P	1	-1.09
Y505Q	1	0.21
Y505R	1	0.02
Y505S	1	0.28
Y505T	1	-0.02
Y505V	1	-0.26
Y505W	1	-0.04
Y505Y	1	0.0
Y505*	1	-4.61
Q506A	1	-0.83
Q506C	1	-1.93
Q506D	1	-0.74
Q506E	1	-0.8
Q506F	1	-2.19
Q506G	1	-1.33
Q506H	1	-0.88
Q506I	1	-2.05
Q506K	1	-1.69
Q506L	1	-1.81
Q506M	1	-1.02
Q506N	1	-0.96
Q506P	1	-2.08
Q506Q	1	0.0
Q506R	1	-1.88
Q506S	1	-1.28
Q506T	1	-1.74
Q506V	1	-1.82
Q506W	1	-2.14
Q506Y	1	-2.14
Q506*	1	-4.55
P507A	1	-0.88
P507C	1	-2.2
P507D	1	-2.46
P507E	1	-2.39
P507F	1	-2.18
P507G	1	-2.57
P507H	1	-2.62
P507I	1	-2.43
P507K	1	-2.34
P507L	1	-1.83
P507M	1	-2.05
P507N	1	-2.62
P507P	1	0.0
P507Q	1	-2.49
P507R	1	-2.8
P507S	1	-1.7
P507T	1	-2.41
P507V	1	-2.5
P507W	1	-2.07
P507Y	1	-2.24
P507*	1	-4.62
Y508A	1	-0.85
Y508C	1	-1.02
Y508D	1	-2.15
Y508E	1	-2.45
Y508F	1	-0.16
Y508G	1	-2.79
Y508H	1	0.14
Y508I	1	-1.52
Y508K	1	-2.14
Y508L	1	-1.72
Y508M	1	-0.86
Y508N	1	-0.98
Y508P	1	-2.67
Y508Q	1	-1.32
Y508R	1	-2.26
Y508S	1	-1.43
Y508T	1	-1.0
Y508V	1	-0.98
Y508W	1	-0.45
Y508Y	1	0.0
Y508*	1	-4.58
R509A	1	-2.5
R509C	1	-2.31
R509D	1	-2.78
R509E	1	-2.53
R509F	1	-2.44
R509G	1	-2.66
R509H	1	-2.51
R509I	1	-2.67
R509K	1	-2.05
R509L	1	-2.88
R509M	1	-2.59
R509N	1	-2.23
R509P	1	-2.8
R509Q	1	-2.54
R509R	1	0.0
R509S	1	-2.58
R509T	1	-2.45
R509V	1	-2.47
R509W	1	-2.59
R509Y	1	-2.06
R509*	1	-4.38
V510A	1	-2.61
V510C	1	-1.86
V510D	1	-3.36
V510E	1	-3.05
V510F	1	-2.65
V510G	1	-2.92
V510H	1	-3.08
V510I	1	-0.76
V510K	1	-3.14
V510L	1	-2.2
V510M	1	-2.03
V510N	1	-2.98
V510P	1	-3.2
V510Q	1	-3.05
V510R	1	-3.12
V510S	1	-2.99
V510T	1	-2.91
V510V	1	0.0
V510W	1	-2.79
V510Y	1	-2.65
V510*	1	-4.61
V511A	1	-2.59
V511C	1	-2.53
V511D	1	-2.81
V511E	1	-2.99
V511F	1	-2.6
V511G	1	-3.06
V511H	1	-2.89
V511I	1	-1.2
V511K	1	-3.06
V511L	1	-2.06
V511M	1	-2.6
V511N	1	-2.91
V511P	1	-3.24
V511Q	1	-2.87
V511R	1	-3.0
V511S	1	-2.93
V511T	1	-2.7
V511V	1	0.0
V511W	1	-2.79
V511Y	1	-2.42
V511*	1	-4.29
V512A	1	-2.6
V512C	1	-1.78
V512D	1	-3.44
V512E	1	-3.21
V512F	1	-2.88
V512G	1	-3.06
V512H	1	-3.05
V512I	1	-0.69
V512K	1	-3.01
V512L	1	-2.79
V512M	1	-2.63
V512N	1	-3.13
V512P	1	-3.45
V512Q	1	-3.0
V512R	1	-3.0
V512S	1	-3.01
V512T	1	-2.81
V512V	1	0.0
V512W	1	-2.84
V512Y	1	-2.99
V512*	1	-3.35
L513A	1	-2.92
L513C	1	-2.78
L513D	1	-3.74
L513E	1	-3.53
L513F	1	-1.08
L513G	1	-3.05
L513H	1	-3.07
L513I	1	-0.54
L513K	1	-3.39
L513L	1	0.0
L513M	1	-0.83
L513N	1	-3.22
L513P	1	-3.43
L513Q	1	-3.34
L513R	1	-3.47
L513S	1	-3.43
L513T	1	-3.04
L513V	1	-1.56
L513W	1	-2.56
L513Y	1	-2.88
L513*	1	-3.88
S514A	1	-0.48
S514C	1	-0.22
S514D	1	-1.7
S514E	1	-1.78
S514F	1	-0.91
S514G	1	-0.24
S514H	1	-0.11
S514I	1	-0.24
S514K	1	-0.84
S514L	1	-0.75
S514M	1	-0.58
S514N	1	-0.65
S514P	1	-2.94
S514Q	1	-0.56
S514R	1	-0.6
S514S	1	0.0
S514T	1	0.12
S514V	1	0.05
S514W	1	-0.23
S514Y	1	-0.54
S514*	1	-4.59
F515A	1	-2.51
F515C	1	-1.94
F515D	1	-2.77
F515E	1	-2.87
F515F	1	0.0
F515G	1	-1.92
F515H	1	-2.61
F515I	1	-1.21
F515K	1	-3.07
F515L	1	-0.74
F515M	1	-0.38
F515N	1	-2.63
F515P	1	-2.48
F515Q	1	-3.1
F515R	1	-2.91
F515S	1	-2.85
F515T	1	-2.85
F515V	1	-1.71
F515W	1	-1.42
F515Y	1	-1.02
F515*	1	-3.74
E516A	1	-1.32
E516C	1	-2.58
E516D	1	-0.15
E516E	1	0.0
E516F	1	-2.55
E516G	1	-1.05
E516H	1	-0.74
E516I	1	-3.21
E516K	1	-0.64
E516L	1	-3.11
E516M	1	-2.03
E516N	1	-0.14
E516P	1	-0.81
E516Q	1	0.21
E516R	1	-0.63
E516S	1	-0.62
E516T	1	-0.75
E516V	1	-2.18
E516W	1	-0.6
E516Y	1	-1.1
E516*	1	-4.13
L517A	1	-1.6
L517C	1	-0.46
L517D	1	-0.25
L517E	1	-0.16
L517F	1	-0.54
L517G	1	0.04
L517H	1	-0.36
L517I	1	-0.06
L517K	1	0.04
L517L	1	0.0
L517M	1	0.09
L517N	1	0.29
L517P	1	-0.5
L517Q	1	-0.03
L517R	1	-0.23
L517S	1	-0.01
L517T	1	0.06
L517V	1	-0.33
L517W	1	-0.61
L517Y	1	-0.43
L517*	1	-3.28
L518A	1	-0.13
L518C	1	0.11
L518D	1	0.7
L518E	1	0.68
L518F	1	-0.2
L518G	1	-0.03
L518H	1	-0.01
L518I	1	-0.16
L518K	1	0.35
L518L	1	0.0
L518M	1	-0.08
L518N	1	0.13
L518P	1	-0.09
L518Q	1	0.06
L518R	1	-0.09
L518S	1	0.29
L518T	1	0.24
L518V	1	-0.03
L518W	1	-0.33
L518Y	1	-0.11
L518*	1	-3.56
H519A	1	-0.03
H519C	1	-0.23
H519D	1	0.27
H519E	1	-2.87
H519F	1	-0.65
H519G	1	-0.19
H519H	1	0.0
H519I	1	-0.67
H519K	1	-1.4
H519L	1	-0.45
H519M	1	-1.99
H519N	1	0.22
H519P	1	0.07
H519Q	1	-0.05
H519R	1	-0.13
H519S	1	0.01
H519T	1	-0.01
H519V	1	-0.37
H519W	1	-0.41
H519Y	1	-0.29
H519*	1	-2.88
A520A	1	0.0
A520C	1	-0.28
A520D	1	-0.05
A520E	1	0.01
A520F	1	-0.38
A520G	1	0.29
A520H	1	-0.18
A520I	1	-0.5
A520K	1	-0.09
A520L	1	-0.4
A520M	1	-0.22
A520N	1	-0.13
A520P	1	0.05
A520Q	1	-1.21
A520R	1	-0.21
A520S	1	-0.05
A520T	1	-0.07
A520V	1	-0.23
A520W	1	-1.75
A520Y	1	-0.35
A520*	1	-3.39
P521A	1	-1.43
P521C	1	-0.57
P521D	1	-0.09
P521E	1	-1.37
P521F	1	-0.77
P521G	1	-0.17
P521H	1	-0.19
P521I	1	-1.14
P521K	1	-0.54
P521L	1	-1.31
P521M	1	-2.74
P521N	1	0.25
P521P	1	0.0
P521Q	1	-1.12
P521R	1	-0.16
P521S	1	-0.06
P521T	1	-0.14
P521V	1	-0.84
P521W	1	-1.87
P521Y	1	-1.88
P521*	1	-3.01
A522A	1	0.0
A522C	1	-0.19
A522D	1	-0.01
A522E	1	-0.02
A522F	1	-0.65
A522G	1	0.04
A522H	1	-0.17
A522I	1	-0.14
A522K	1	0.03
A522L	1	-0.18
A522M	1	-0.03
A522N	1	-0.33
A522P	1	-0.27
A522Q	1	0.09
A522R	1	-0.08
A522S	1	-0.01
A522T	1	-0.02
A522V	1	-0.07
A522W	1	-0.38
A522Y	1	0.2
A522*	1	-3.46
T523A	1	-0.4
T523D	1	-2.19
T523F	1	-0.3
T523G	1	-2.9
T523H	1	-2.96
T523I	1	-0.55
T523K	1	-2.95
T523M	1	-2.87
T523N	1	-0.27
T523P	1	-1.25
T523Q	1	-2.88
T523R	1	-1.31
T523S	1	-1.34
T523T	1	0.0
T523V	1	-0.09
T523Y	1	-0.25
V524A	1	-0.09
V524D	1	-0.2
V524G	1	-0.12
V524I	1	-0.14
V524L	1	-0.15
V524P	1	-1.03
V524R	1	0.54
V524V	1	0.0
V524W	1	-3.0
V524Y	1	-0.95
V524*	1	-2.83
C525A	1	-0.18
C525C	1	0.0
C525D	1	0.19
C525E	1	-2.75
C525F	1	-0.48
C525G	1	-0.04
C525H	1	-1.39
C525I	1	-0.17
C525K	1	-0.83
C525L	1	-0.33
C525M	1	-0.37
C525N	1	-0.35
C525P	1	-0.2
C525Q	1	-0.4
C525R	1	-0.64
C525S	1	-0.17
C525T	1	-0.58
C525V	1	-1.79
C525W	1	-0.87
C525Y	1	-0.18
C525*	1	-4.55
G526A	1	-0.26
G526C	1	-0.24
G526D	1	-0.1
G526E	1	-0.13
G526F	1	-0.74
G526G	1	0.0
G526I	1	-1.22
G526K	1	0.22
G526L	1	-0.4
G526M	1	-0.34
G526N	1	-0.18
G526P	1	-0.09
G526Q	1	-0.01
G526R	1	-0.3
G526S	1	-0.14
G526T	1	-0.15
G526V	1	-0.12
G526W	1	-0.44
G526Y	1	-0.31
G526*	1	-3.83
